/* SPDX-License-Identifier: GPL-2.0 */
/*
 * Copyright (c) 2019 MediaTek Inc.
 */
/*****************************************************************************
 *
 * Filename:
 * ---------
 *	 s5kgn9spofxian_Sensor_setting.h
 *
 * Project:
 * --------
 * Description:
 * ------------
 *	 CMOS sensor header file
 *
 ****************************************************************************/
#ifndef _S5KGN9SPOFXIAN_SENSOR_SETTING_H
#define _S5KGN9SPOFXIAN_SENSOR_SETTING_H

#include "kd_camera_typedef.h"



/* init setting */
static u16 s5kgn9sp_init_setting[] = {
    0xFCFC, 0x2001,
    0x3C10, 0x0548,
    0x3C12, 0x0449,
    0x3C14, 0x054A,
    0x3C16, 0xC0F8,
    0x3C18, 0x6818,
    0x3C1A, 0x511A,
    0x3C1C, 0xC0F8,
    0x3C1E, 0x6C18,
    0x3C20, 0xFFF7,
    0x3C22, 0xD4BE,
    0x3C24, 0x2001,
    0x3C26, 0x3C88,
    0x3C28, 0x2001,
    0x3C2A, 0x0880,
    0x3C2C, 0x2001,
    0x3C2E, 0xE300,
    0x3C30, 0x7047,
    0x3C32, 0x70B5,
    0x3C34, 0x0A48,
    0x3C36, 0x0022,
    0x3C38, 0x046E,
    0x3C3A, 0x200C,
    0x3C3C, 0xA1B2,
    0x3C3E, 0x0546,
    0x3C40, 0xFFF7,
    0x3C42, 0xE5FE,
    0x3C44, 0x00F0,
    0x3C46, 0x10F8,
    0x3C48, 0xA1B2,
    0x3C4A, 0x0122,
    0x3C4C, 0x2846,
    0x3C4E, 0xFFF7,
    0x3C50, 0xDEFE,
    0x3C52, 0x0448,
    0x3C54, 0x0088,
    0x3C56, 0x0349,
    0x3C58, 0x2031,
    0x3C5A, 0x0880,
    0x3C5C, 0x70BD,
    0x3C5E, 0x0000,
    0x3C60, 0x2001,
    0x3C62, 0x1A60,
    0x3C64, 0x4000,
    0x3C66, 0xF864,
    0x3C68, 0x4EF6,
    0x3C6A, 0xC17C,
    0x3C6C, 0xC0F2,
    0x3C6E, 0x010C,
    0x3C70, 0x6047,
    0x3C72, 0x0000,
    0x3C74, 0x0000,
    0x3C76, 0x0000,
    0x3C78, 0x0000,
    0x3C7A, 0x0000,
    0x3C7C, 0x08E9,
    0x3C7E, 0x07CC,
    0x3C80, 0x0000,
    0x3C82, 0x0000,
    0x3C84, 0x0007,
    0x3C86, 0xFFFF,
    0xFCFC, 0x2000,
    0xD12C, 0x0001,
    0xD12E, 0xEFC1,
    0xD130, 0x2001,
    0xD132, 0x3C33,
    0x3CAE, 0x0D60,
    0x3CB0, 0x0D61,
    0x478C, 0x0000,
    0x478E, 0x0000,
    0x4790, 0x0000,
    0x4792, 0x0000,
    0x53EC, 0x0B00,
    0x5CEA, 0x1940,
    0x5CEC, 0x1948,
    0x6226, 0x193C,
    0xCAC4, 0x03B2,
    0xCAC6, 0x0701,
    0xFCFC, 0x2001,
    0xE310, 0x0001,
    0xE320, 0x0001,
    0xE322, 0x0001,
    0xE340, 0x0200,
    0xE342, 0x0600,
    0xE360, 0x0005,
    0xE362, 0x0002,
    0xE380, 0x0400,
    0xE382, 0x0800,

    0xFCFC, 0x4000,
    0x8D48, 0x000A,
    0x8D4A, 0x0002,
    0x8D38, 0x001F,
    0x8D40, 0x0005,
    0x8D3C, 0x0005,
    0x8D3E, 0x0005,
    0x8D42, 0x0005,
    0x8D44, 0x0005,
};
//preview
static u16 s5kgn9sp_pre_setting[] = {
	0xFCFC,	0x2000,
    0x0EDC,	0x0000,
    0x0EDE,	0x0000,
    0xFCFC,	0x4000,
    0x0B30,	0x01FF,
    0xFCFC,	0x4000,
    0xA102,	0x0B02,
    0x0344,	0x0010,
    0x0346,	0x0010,
    0x0348,	0x1FEF,
    0x034A,	0x180F,
    0x034C,	0x0FF0,
    0x034E,	0x0C00,
    0x0340,	0x198A,
    0x0342,	0x14A0,
    0x0900,	0x2222,
    0x0380,	0x0002,
    0x0382,	0x0002,
    0x0384,	0x0002,
    0x0386,	0x0002,
    0x0350,	0x0000,
    0x0352,	0x0000,
    0x0136,	0x1800,
    0x013E,	0x0000,
    0x0304,	0x0003,
    0x0306,	0x0082,
    0x030C,	0x0000,
    0x030E,	0x0003,
    0x0310,	0x0078,
    0x0312,	0x0000,
    0x0B08,	0x0000,
    0x0BCA,	0x0101,
    0x0BCC,	0x0100,
    0x0202,	0x0004,
    0x0226,	0x0100,
    0x0702,	0x0000,
    0x0704,	0x0000,
    0x0204,	0x0020,
    0x0206,	0x0020,
    0x0112,	0x0A0A,
    0x0114,	0x0301,
    0x0118,	0x0004,
    0x011A,	0x0001,
    0x011C,	0x0101,
    0x021E,	0x0000,
    0x0228,	0x0100,
    0x0260,	0x0002,
    0x0262,	0x0300,
    0x0264,	0x0104,
    0x0266,	0x0500,
    0x0274,	0x2B2B,
    0x0D00,	0x0101,
    0x0D02,	0x0101,
    0x0D06,	0x0000,
    0x0D08,	0x0000,
    0x0D0C,	0x0000,
    0x0D0E,	0x0000,
    0x0FF4,	0x4088,
    0xFCFC,	0x2000,
    0xC640,	0x0200,
    0xC644,	0x480C,
    0xCAB6,	0x0000,
    0xCC0C,	0x0200,
    0xCC10,	0x015A,
    0xCBAA,	0x5D00,
    0xCBB6,	0x00FF,
    0xC120,	0x0200,
    0xC122,	0x5588,
    0xC12A,	0x0000,
    0xC12C,	0x123D,
    0xC176,	0x0301,
    0xC134,	0x0201,
    0xC13A,	0x0000,
    0xC13C,	0x0001,
    0xC15A,	0x00FF,
    0x4708,	0x003E,
    0x471A,	0x0000,
    0x0F2C,	0x0001,
    0x0EC2,	0x0101,
    0x4864,	0x0101,
    0x48BE,	0x0101,
    0x5CF2,	0x4422,
    0x62E0,	0x0203,
    0x59EC,	0x0100,
    0x5A16,	0x0004,
    0x5A64,	0x013E,
    0x5CC6,	0x033F,
    0x5CCA,	0x0000,
    0x5CCE,	0x0000,
    0x5ABA,	0x0001,
    0x5ACA,	0x0000,
    0x5AC6,	0x0000,
    0x5AD6,	0x000A,
    0x5AD8,	0x0001,
    0x5ADA,	0x0000,
    0x5ADC,	0x0032,
    0x5AE2,	0x0028,
    0x5AE4,	0x0069,
    0x5AE6,	0x00AE,
    0x5AE8,	0x00EA,
    0x5AEA,	0x01C7,
    0x5AEC,	0x0283,
    0xC500,	0x0010,
    0xC504,	0x0800,
    0xC508,	0x0101,
    0xC60A,	0x0000,
    0xC60C,	0x0000,
    0xCBA8,	0x00DA,
    0xCBAE,	0x0000,
    0x0E70,	0x1000,
    0x6434,	0x0000,
    0x6436,	0x0B0A,
    0x643C,	0x0808,
    0x6446,	0x0006,
    0x8860,	0x0100,
    0x6430,	0x0010,
    0x6432,	0x000C,
    0xA884,	0x0019,
    0x8872,	0x0023,
    0x887C,	0x0019,
    0x887A,	0x0001,
    0x8870,	0x003F,
    0xA882,	0x0040,
    0xA888,	0x0000,
    0xA88A,	0x0001,
    0x887E,	0x0001,
    0x8876,	0xFFFF,
    0x8874,	0x0FFF,
    0x6460,	0xFFFD,
    0x6462,	0xFFFE,
    0x6464,	0xFFFB,
    0x6466,	0xFFFD,
    0x6468,	0xFFFC,
    0x646A,	0xFFFB,
    0x646C,	0xFFFA,
    0x646E,	0xFFFD,
    0x6470,	0xFFFC,
    0x6472,	0xFFFB,
    0x6474,	0xFFFB,
    0x6476,	0xFFFB,
    0x6478,	0xFFF8,
    0x647A,	0xFFF6,
    0x647C,	0xFFF4,
    0x647E,	0xFFE9,
    0x6480,	0x0001,
    0x6482,	0x0001,
    0x6484,	0x0003,
    0x6486,	0x0004,
    0x6488,	0x0004,
    0x648A,	0x0003,
    0x648C,	0x0003,
    0x648E,	0x0003,
    0x6490,	0x0002,
    0x6492,	0x0004,
    0x6494,	0x0002,
    0x6496,	0x0001,
    0x6498,	0xFFFF,
    0x649A,	0xFFFB,
    0x649C,	0xFFF5,
    0x649E,	0xFFED,
    0x64A0,	0x0000,
    0x64A2,	0x0003,
    0x64A4,	0x0004,
    0x64A6,	0x0006,
    0x64A8,	0x0007,
    0x64AA,	0x0006,
    0x64AC,	0x0008,
    0x64AE,	0x0008,
    0x64B0,	0x0008,
    0x64B2,	0x0006,
    0x64B4,	0x0007,
    0x64B6,	0x0003,
    0x64B8,	0x0002,
    0x64BA,	0xFFFC,
    0x64BC,	0xFFF6,
    0x64BE,	0xFFED,
    0x64C0,	0x0000,
    0x64C2,	0x0003,
    0x64C4,	0x0005,
    0x64C6,	0x0007,
    0x64C8,	0x0007,
    0x64CA,	0x0006,
    0x64CC,	0x0007,
    0x64CE,	0x0008,
    0x64D0,	0x0007,
    0x64D2,	0x0007,
    0x64D4,	0x0006,
    0x64D6,	0x0005,
    0x64D8,	0x0002,
    0x64DA,	0xFFFE,
    0x64DC,	0xFFF7,
    0x64DE,	0xFFE8,
    0x64E0,	0xFFFF,
    0x64E2,	0x0002,
    0x64E4,	0x0003,
    0x64E6,	0x0005,
    0x64E8,	0x0005,
    0x64EA,	0x0005,
    0x64EC,	0x0006,
    0x64EE,	0x0006,
    0x64F0,	0x0007,
    0x64F2,	0x0005,
    0x64F4,	0x0005,
    0x64F6,	0x0002,
    0x64F8,	0x0002,
    0x64FA,	0xFFFC,
    0x64FC,	0xFFF5,
    0x64FE,	0xFFE9,
    0x6500,	0xFFFE,
    0x6502,	0x0001,
    0x6504,	0x0002,
    0x6506,	0x0004,
    0x6508,	0x0005,
    0x650A,	0x0004,
    0x650C,	0x0006,
    0x650E,	0x0005,
    0x6510,	0x0005,
    0x6512,	0x0004,
    0x6514,	0x0004,
    0x6516,	0x0003,
    0x6518,	0x0000,
    0x651A,	0xFFFC,
    0x651C,	0xFFF4,
    0x651E,	0xFFE7,
    0x6520,	0xFFFD,
    0x6522,	0xFFFF,
    0x6524,	0x0001,
    0x6526,	0x0002,
    0x6528,	0x0002,
    0x652A,	0x0003,
    0x652C,	0x0004,
    0x652E,	0x0004,
    0x6530,	0x0004,
    0x6532,	0x0002,
    0x6534,	0x0002,
    0x6536,	0x0001,
    0x6538,	0x0000,
    0x653A,	0xFFFB,
    0x653C,	0xFFF4,
    0x653E,	0xFFE5,
    0x6540,	0xFFFC,
    0x6542,	0xFFFF,
    0x6544,	0x0000,
    0x6546,	0x0002,
    0x6548,	0x0002,
    0x654A,	0x0002,
    0x654C,	0x0003,
    0x654E,	0x0003,
    0x6550,	0x0004,
    0x6552,	0x0004,
    0x6554,	0x0002,
    0x6556,	0x0002,
    0x6558,	0xFFFF,
    0x655A,	0xFFFA,
    0x655C,	0xFFF3,
    0x655E,	0xFFE7,
    0x6560,	0xFFFA,
    0x6562,	0xFFFD,
    0x6564,	0xFFFF,
    0x6566,	0xFFFF,
    0x6568,	0x0001,
    0x656A,	0x0000,
    0x656C,	0x0001,
    0x656E,	0x0001,
    0x6570,	0x0003,
    0x6572,	0x0003,
    0x6574,	0x0001,
    0x6576,	0x0001,
    0x6578,	0xFFFE,
    0x657A,	0xFFFA,
    0x657C,	0xFFF3,
    0x657E,	0xFFE6,
    0x6580,	0xFFFC,
    0x6582,	0xFFFE,
    0x6584,	0x0000,
    0x6586,	0x0001,
    0x6588,	0x0002,
    0x658A,	0x0001,
    0x658C,	0x0003,
    0x658E,	0x0002,
    0x6590,	0x0005,
    0x6592,	0x0006,
    0x6594,	0x0004,
    0x6596,	0x0003,
    0x6598,	0x0001,
    0x659A,	0xFFFB,
    0x659C,	0xFFF4,
    0x659E,	0xFFE9,
    0x65A0,	0xFFF8,
    0x65A2,	0xFFFB,
    0x65A4,	0xFFFC,
    0x65A6,	0xFFFE,
    0x65A8,	0xFFFF,
    0x65AA,	0xFFFF,
    0x65AC,	0x0000,
    0x65AE,	0x0003,
    0x65B0,	0x0004,
    0x65B2,	0x0006,
    0x65B4,	0x0004,
    0x65B6,	0x0004,
    0x65B8,	0x0002,
    0x65BA,	0xFFFB,
    0x65BC,	0xFFF6,
    0x65BE,	0xFFEA,
    0x65C0,	0xFFF6,
    0x65C2,	0xFFF5,
    0x65C4,	0xFFF8,
    0x65C6,	0xFFF7,
    0x65C8,	0xFFFB,
    0x65CA,	0xFFFA,
    0x65CC,	0xFFFF,
    0x65CE,	0xFFFF,
    0x65D0,	0x0003,
    0x65D2,	0x0005,
    0x65D4,	0x0007,
    0x65D6,	0x0002,
    0x65D8,	0x0001,
    0x65DA,	0xFFFB,
    0x65DC,	0xFFF6,
    0x65DE,	0xFFEF,
    0x46C4,	0x0100,
    0x5BB4,	0x0502,
    0x5BC8,	0x090B,
    0x41E4,	0x0000,
    0x41EC,	0x0200,
    0x41F8,	0x0200,
    0x4394,	0x0000,
    0x4396,	0x0000,
    0x4398,	0x0000,
    0x439A,	0x0000,
    0x474C,	0x0201,
    0x474E,	0x0101,
    0x4784,	0x00B7,
    0x4786,	0x00F3,
    0x4788,	0x01DC,
    0x478A,	0x0218,
    0x48A6,	0x1008,
    0x48A8,	0x1010,
    0x0E1C,	0x0300,
    0x0E52,	0x0401,
    0x0E56,	0x0401,
    0x5A70,	0x0080,
    0x48EC,	0x0003,
    0x48EE,	0x0001,
    0x48F0,	0x0002,
    0x48F2,	0x000C,
    0x48F4,	0x0001,
    0x48F6,	0x0005,
    0x48F8,	0x0001,
    0x48FA,	0x0005,
    0x4900,	0x000A,
    0x4902,	0x000B,
    0x4904,	0x0003,
    0x4906,	0x0007,
    0x4908,	0x0003,
    0x490A,	0x000B,
    0x490C,	0x0003,
    0x4910,	0x0030,
    0x4912,	0x0030,
    0x491C,	0x0001,
    0x4920,	0x0001,
    0x4924,	0x0001,
    0x4926,	0x000B,
    0x4928,	0x0020,
    0x492A,	0x000A,
    0x4934,	0x0003,
    0x4938,	0x003C,
    0x493A,	0x003C,
    0x4950,	0x00D9,
    0x4952,	0x00D9,
    0x4954,	0x000C,
    0x4958,	0x0001,
    0x495C,	0x0001,
    0x4960,	0x0001,
    0x4964,	0x0001,
    0x4968,	0x000D,
    0x496C,	0x0001,
    0x4978,	0x0005,
    0x497C,	0x000A,
    0x4980,	0x0016,
    0x4982,	0x0007,
    0x498C,	0x0041,
    0x498E,	0x0064,
    0x49A0,	0x0002,
    0x49A4,	0x0002,
    0x49A8,	0x0001,
    0x49AA,	0x0005,
    0x49AC,	0x0001,
    0x49AE,	0x0000,
    0x49B8,	0x000A,
    0x49C0,	0x000A,
    0x49C8,	0x000A,
    0x49F4,	0x000F,
    0x49F6,	0x0010,
    0x49F8,	0x002F,
    0x49FA,	0x0032,
    0x4ADC,	0x001C,
    0x4ADE,	0x001A,
    0x4AE0,	0x0038,
    0x4AE2,	0x0050,
    0x4AE4,	0x00B6,
    0x4AE6,	0x0096,
    0x4C00,	0x0010,
    0x4C02,	0x0010,
    0x4C04,	0x0001,
    0x4C06,	0x0001,
    0x4C10,	0x0010,
    0x4C12,	0x0007,
    0x4C2C,	0x8119,
    0x4C34,	0x0007,
    0x4C3C,	0x0007,
    0x4C40,	0x0258,
    0x4C42,	0x04BC,
    0x4CB4,	0x811F,
    0x4CB8,	0x8003,
    0x4CBC,	0x80EE,
    0x4CC0,	0x0257,
    0x4D2C,	0x0003,
    0x50C8,	0x0294,
    0x50CA,	0x04C8,
    0x50D0,	0x0200,
    0x50D2,	0x0000,
    0x50DE,	0x0809,
    0x50E0,	0x0D0D,
    0x50E2,	0x0804,
    0x50E4,	0x0104,
    0x50FC,	0x001E,
    0x50FE,	0x0083,
    0x5100,	0xE48D,
    0x5102,	0xFFE7,
    0x5108,	0x0000,
    0x510A,	0x93E1,
    0x5136,	0x0100,
    0x515C,	0x0100,
    0x5336,	0x4662,
    0x533A,	0x0829,
    0x53E8,	0x1108,
    0x53EA,	0x0812,
    0x541C,	0x4000,
    0x541E,	0xF462,
    0x5420,	0x4000,
    0x5422,	0xF818,
    0x546E,	0x000C,
    0x5470,	0x0020,
    0x5472,	0x0020,
    0x5474,	0x0020,
    0x5476,	0x0020,
    0x5482,	0x000C,
    0x5484,	0x0020,
    0x5486,	0x002A,
    0x5488,	0x0030,
    0x548A,	0x0033,
    0x548C,	0x0015,
    0x548E,	0x0010,
    0x5490,	0x0000,
    0x5492,	0x0000,
    0x5494,	0x0000,
    0x54A0,	0x0014,
    0x54A2,	0x0014,
    0x54A4,	0x0014,
    0x54A6,	0x0014,
    0x54A8,	0x0014,
    0x54AA,	0x000B,
    0x54AC,	0x000B,
    0x54AE,	0x000B,
    0x54B0,	0x000B,
    0x54B2,	0x000B,
    0x54BE,	0x000B,
    0x54C0,	0x000B,
    0x54C2,	0x000B,
    0x54C4,	0x000B,
    0x54C6,	0x000B,
    0x54C8,	0x0000,
    0x54CA,	0x0000,
    0x54CC,	0x0000,
    0x54CE,	0x0000,
    0x54D0,	0x0000,
    0x54DC,	0x0000,
    0x54DE,	0x0000,
    0x54E0,	0x0000,
    0x54E2,	0x0000,
    0x54E4,	0x0000,
    0x54E6,	0x0000,
    0x54E8,	0x0000,
    0x54EA,	0x0000,
    0x54EC,	0x0000,
    0x54EE,	0x0000,
    0x54FA,	0x0000,
    0x54FC,	0x0000,
    0x54FE,	0x0000,
    0x5500,	0x0000,
    0x5502,	0x0000,
    0x5504,	0x00F0,
    0x5506,	0x00F0,
    0x5508,	0x00F0,
    0x550A,	0x00F0,
    0x550C,	0x00F0,
    0x5518,	0x00F0,
    0x551A,	0x00F0,
    0x551C,	0x00F0,
    0x551E,	0x00F0,
    0x5520,	0x00F0,
    0x5522,	0x004B,
    0x5524,	0x0055,
    0x5526,	0x0055,
    0x5528,	0x0055,
    0x552A,	0x0055,
    0x5536,	0x0055,
    0x5538,	0x0055,
    0x553A,	0x0055,
    0x553C,	0x0055,
    0x553E,	0x0055,
    0x5540,	0x2672,
    0x5542,	0x2672,
    0x5544,	0x2672,
    0x5546,	0x2672,
    0x5548,	0x2672,
    0x5554,	0x2672,
    0x5556,	0x2672,
    0x5558,	0x2672,
    0x555A,	0x2672,
    0x555C,	0x2672,
    0xCCA8,	0x0020,
    0xCCAA,	0x0020,
    0xCCC6,	0x0005,
    0xCCC8,	0x000F,
    0xCCCA,	0x0014,
    0xCCCC,	0x0019,
    0xCCCE,	0x0019,
    0xCCD0,	0x0005,
    0xCCD2,	0x000A,
    0xCCD4,	0x000F,
    0xCCD6,	0x0014,
    0xCCD8,	0x0014,
    0xCCF0,	0x0017,
    0xCCF2,	0x002F,
    0xCCF4,	0x004E,
    0xCCF8,	0x0005,
    0xCCFA,	0x003C,
    0xCD16,	0x0019,
    0xCD18,	0x001E,
    0xCD1A,	0x0023,
    0xCD1C,	0x0028,
    0xCD1E,	0x0028,
    0xCD20,	0x0014,
    0xCD22,	0x0019,
    0xCD24,	0x001E,
    0xCD26,	0x0023,
    0xCD28,	0x0023,
    0xB9BC,	0x0100,
    0xBB96,	0x0001,
    0xBB9A,	0x0001,
    0xBBA6,	0x0001,
    0xBBAA,	0x0001,
    0xBBD6,	0x0008,
    0xBBD8,	0x0000,
    0xBBDA,	0x0006,
    0xBBDC,	0x0000,
    0xBBDE,	0x0000,
    0xBBE0,	0x0000,
    0xBBE2,	0x0000,
    0xBBE4,	0x0000,
    0xBBE6,	0x0006,
    0xBBE8,	0x0000,
    0xBBEA,	0x0008,
    0xBBEC,	0x0000,
    0xBBEE,	0x0000,
    0xBBF0,	0x0000,
    0xBBF2,	0x0000,
    0xBBF4,	0x0000,
    0xBBF6,	0x0000,
    0xBBFA,	0x0000,
    0xBC06,	0x0000,
    0xBC0A,	0x0000,
    0xBC58,	0x0002,
    0xBC5A,	0x0000,
    0xBC5C,	0x0000,
    0xBC5E,	0x0000,
    0xBC60,	0x0000,
    0xBC62,	0x0000,
    0xBC64,	0x0000,
    0xBC66,	0x0000,
    0xBC68,	0x0000,
    0xBC6A,	0x0000,
    0xBC6C,	0x0000,
    0xBC6E,	0x0000,
    0xBC70,	0x0000,
    0xBC72,	0x0000,
    0xBC74,	0x0000,
    0xBC76,	0x0000,
    0xBA44,	0x0000,
    0xBA46,	0x017F,
    0xBA48,	0x03FF,
    0xBA4A,	0x1010,
    0xBA4C,	0x1000,
    0xBA4E,	0x0400,
    0xBA50,	0x4000,
    0xBA52,	0x1000,
    0xBA54,	0x0FF0,
    0xBA6E,	0x017F,
    0xBA70,	0x03FF,
    0xBA72,	0x1020,
    0xBA74,	0x1060,
    0xBA76,	0x0400,
    0xBA78,	0x4000,
    0xBA7A,	0x1020,
    0xBA7C,	0x1020,
    0xBA96,	0x017F,
    0xBA98,	0x03FF,
    0xBA9A,	0x1030,
    0xBA9C,	0x1050,
    0xBA9E,	0x0400,
    0xBAA0,	0x4000,
    0xBAA2,	0x1020,
    0xBAA4,	0x1020,
    0xBABE,	0x017F,
    0xBAC0,	0x03FF,
    0xBAC2,	0x1010,
    0xBAC4,	0x1000,
    0xBAC6,	0x0400,
    0xBAC8,	0x4000,
    0xBACA,	0x1000,
    0xBACC,	0x0FF0,
    0xBAE6,	0x0000,
    0xBAE8,	0x0000,
    0xBAEA,	0x0000,
    0xBAEC,	0x0000,
    0xBAEE,	0x0000,
    0xBAF0,	0x0000,
    0xBAF2,	0x0000,
    0xBAF4,	0x0000,
    0xBB0E,	0x0000,
    0xBB10,	0x0000,
    0xBB12,	0x0000,
    0xBB14,	0x0000,
    0xBB16,	0x0000,
    0xBB18,	0x0000,
    0xBB1A,	0x0000,
    0xBB1C,	0x0000,
    0xBB36,	0x0000,
    0xBB38,	0x0000,
    0xBB3A,	0x0000,
    0xBB3C,	0x0000,
    0xBB3E,	0x0000,
    0xBB40,	0x0000,
    0xBB42,	0x0000,
    0xBB44,	0x0000,
    0xBB5E,	0x0000,
    0xBB60,	0x0000,
    0xBB62,	0x0000,
    0xBB64,	0x0000,
    0xBB66,	0x0000,
    0xBB68,	0x0000,
    0xBB6A,	0x0000,
    0xBB6C,	0x0000,
    0xCE9A,	0x0200,
    0xCEA2,	0x0006,
    0xCEB0,	0x0080,
    0xCEE4,	0x0040,
    0xCEEC,	0x0006,
    0xCEEE,	0x0100,
    0xCEF8,	0x03E8,
    0xCEFA,	0x0080,
    0xCEFC,	0x0080,
    0xCEFE,	0x03E8,
    0xCF00,	0x0080,
    0xCF02,	0x0080,
    0xCF04,	0x0100,
    0xCF08,	0x0040,
    0xA8B0,	0x0440,
    0xA8B6,	0x0000,
    0xA8B8,	0x0101,
    0xA8BE,	0x0000,
    0xA8C0,	0x0000,
    0xA8C2,	0x0000,
    0xA8C4,	0x0000,
    0xA8D6,	0x0000,
    0xA8D8,	0x0000,
    0xA8DA,	0x0000,
    0xA8DC,	0x0000,
    0xA8DE,	0x0000,
    0xA8E0,	0x0000,
    0xA8E2,	0x0000,
    0xA8E4,	0x0000,
    0xA8E6,	0x0000,
    0xA8E8,	0x0000,
    0xA8EA,	0x0000,
    0xA8EC,	0x0000,
    0xA8EE,	0x0000,
    0xA8F0,	0x0000,
    0xA8F2,	0x0000,
    0xA8F4,	0x0000,
    0xA8F6,	0x0000,
    0xA8F8,	0x0000,
    0xA8FA,	0x0000,
    0xA8FC,	0x0000,
    0xA8FE,	0x0000,
    0xA900,	0x0000,
    0xA902,	0x0000,
    0xA904,	0x0000,
    0xA906,	0x0000,
    0xA908,	0x0000,
    0xA90A,	0x0000,
    0xA90C,	0x0000,
    0xA90E,	0x0000,
    0xA910,	0x0000,
    0xA912,	0x0000,
    0xA914,	0x0000,
    0xA916,	0x0000,
    0xA918,	0x0000,
    0xA91A,	0x0000,
    0xA91C,	0x0000,
    0xA91E,	0x0000,
    0xA920,	0x0000,
    0xA922,	0x0000,
    0xA924,	0x0000,
    0xA926,	0x0000,
    0xA928,	0x0000,
    0xA92A,	0x0000,
    0xA92C,	0x0000,
    0xA92E,	0x0000,
    0xA930,	0x0000,
    0xA932,	0x0000,
    0xA934,	0x0000,
    0xA936,	0x0000,
    0xA938,	0x0000,
    0xA93A,	0x0000,
    0xA93C,	0x0000,
    0xA93E,	0x0000,
    0xA940,	0x0000,
    0xA942,	0x0000,
    0xA944,	0x0000,
    0xA946,	0x0000,
    0xA948,	0x0000,
    0xA94A,	0x0000,
    0xA94C,	0x0000,
    0xA94E,	0x0000,
    0xA950,	0x0000,
    0xA952,	0x0000,
    0xA954,	0x0000,
    0xA956,	0x0000,
    0xA958,	0x0000,
    0xA95A,	0x0000,
    0xA95C,	0x0000,
    0xA95E,	0x0000,
    0xA960,	0x0000,
    0xA962,	0x0000,
    0xA964,	0x0000,
    0xA966,	0x0000,
    0xA968,	0x0000,
    0xA96A,	0x0000,
    0xA96C,	0x0000,
    0xA96E,	0x0000,
    0xA970,	0x0000,
    0xA972,	0x0000,
    0xA974,	0x0000,
    0xA976,	0x0000,
    0xAA6A,	0x0000,
    0xAA6C,	0x0000,
    0xAA6E,	0x0000,
    0xAABE,	0x0000,
    0xAAC0,	0x0000,
    0xAAC2,	0x0000,
    0xFCFC,	0x2001,
    0xE300,	0x0101,
    0xE30E,	0x0100,
    0xFCFC,	0x4000,
    0xF848,	0x01FF,
    0xF87E,	0x011B,
    0xF976,	0x0618,
    0xF978,	0x0500,
    0xFA3C,	0x0000,
    0xFA3E,	0x0000,
    0x081E,	0x1000,
};
//capture
static u16 s5kgn9sp_cap_setting[] = {
	0xFCFC,	0x2000,
    0x0EDC,	0x0000,
    0x0EDE,	0x0000,
    0xFCFC,	0x4000,
    0x0B30,	0x01FF,
    0xFCFC,	0x4000,
    0xA102,	0x0B02,
    0x0344,	0x0010,
    0x0346,	0x0010,
    0x0348,	0x1FEF,
    0x034A,	0x180F,
    0x034C,	0x0FF0,
    0x034E,	0x0C00,
    0x0340,	0x198A,
    0x0342,	0x14A0,
    0x0900,	0x2222,
    0x0380,	0x0002,
    0x0382,	0x0002,
    0x0384,	0x0002,
    0x0386,	0x0002,
    0x0350,	0x0000,
    0x0352,	0x0000,
    0x0136,	0x1800,
    0x013E,	0x0000,
    0x0304,	0x0003,
    0x0306,	0x0082,
    0x030C,	0x0000,
    0x030E,	0x0003,
    0x0310,	0x0078,
    0x0312,	0x0000,
    0x0B08,	0x0000,
    0x0BCA,	0x0101,
    0x0BCC,	0x0100,
    0x0202,	0x0004,
    0x0226,	0x0100,
    0x0702,	0x0000,
    0x0704,	0x0000,
    0x0204,	0x0020,
    0x0206,	0x0020,
    0x0112,	0x0A0A,
    0x0114,	0x0301,
    0x0118,	0x0004,
    0x011A,	0x0001,
    0x011C,	0x0101,
    0x021E,	0x0000,
    0x0228,	0x0100,
    0x0260,	0x0002,
    0x0262,	0x0300,
    0x0264,	0x0104,
    0x0266,	0x0500,
    0x0274,	0x2B2B,
    0x0D00,	0x0101,
    0x0D02,	0x0101,
    0x0D06,	0x0000,
    0x0D08,	0x0000,
    0x0D0C,	0x0000,
    0x0D0E,	0x0000,
    0x0FF4,	0x4088,
    0xFCFC,	0x2000,
    0xC640,	0x0200,
    0xC644,	0x480C,
    0xCAB6,	0x0000,
    0xCC0C,	0x0200,
    0xCC10,	0x015A,
    0xCBAA,	0x5D00,
    0xCBB6,	0x00FF,
    0xC120,	0x0200,
    0xC122,	0x5588,
    0xC12A,	0x0000,
    0xC12C,	0x123D,
    0xC176,	0x0301,
    0xC134,	0x0201,
    0xC13A,	0x0000,
    0xC13C,	0x0001,
    0xC15A,	0x00FF,
    0x4708,	0x003E,
    0x471A,	0x0000,
    0x0F2C,	0x0001,
    0x0EC2,	0x0101,
    0x4864,	0x0101,
    0x48BE,	0x0101,
    0x5CF2,	0x4422,
    0x62E0,	0x0203,
    0x59EC,	0x0100,
    0x5A16,	0x0004,
    0x5A64,	0x013E,
    0x5CC6,	0x033F,
    0x5CCA,	0x0000,
    0x5CCE,	0x0000,
    0x5ABA,	0x0001,
    0x5ACA,	0x0000,
    0x5AC6,	0x0000,
    0x5AD6,	0x000A,
    0x5AD8,	0x0001,
    0x5ADA,	0x0000,
    0x5ADC,	0x0032,
    0x5AE2,	0x0028,
    0x5AE4,	0x0069,
    0x5AE6,	0x00AE,
    0x5AE8,	0x00EA,
    0x5AEA,	0x01C7,
    0x5AEC,	0x0283,
    0xC500,	0x0010,
    0xC504,	0x0800,
    0xC508,	0x0101,
    0xC60A,	0x0000,
    0xC60C,	0x0000,
    0xCBA8,	0x00DA,
    0xCBAE,	0x0000,
    0x0E70,	0x1000,
    0x6434,	0x0000,
    0x6436,	0x0B0A,
    0x643C,	0x0808,
    0x6446,	0x0006,
    0x8860,	0x0100,
    0x6430,	0x0010,
    0x6432,	0x000C,
    0xA884,	0x0019,
    0x8872,	0x0023,
    0x887C,	0x0019,
    0x887A,	0x0001,
    0x8870,	0x003F,
    0xA882,	0x0040,
    0xA888,	0x0000,
    0xA88A,	0x0001,
    0x887E,	0x0001,
    0x8876,	0xFFFF,
    0x8874,	0x0FFF,
    0x6460,	0xFFFD,
    0x6462,	0xFFFE,
    0x6464,	0xFFFB,
    0x6466,	0xFFFD,
    0x6468,	0xFFFC,
    0x646A,	0xFFFB,
    0x646C,	0xFFFA,
    0x646E,	0xFFFD,
    0x6470,	0xFFFC,
    0x6472,	0xFFFB,
    0x6474,	0xFFFB,
    0x6476,	0xFFFB,
    0x6478,	0xFFF8,
    0x647A,	0xFFF6,
    0x647C,	0xFFF4,
    0x647E,	0xFFE9,
    0x6480,	0x0001,
    0x6482,	0x0001,
    0x6484,	0x0003,
    0x6486,	0x0004,
    0x6488,	0x0004,
    0x648A,	0x0003,
    0x648C,	0x0003,
    0x648E,	0x0003,
    0x6490,	0x0002,
    0x6492,	0x0004,
    0x6494,	0x0002,
    0x6496,	0x0001,
    0x6498,	0xFFFF,
    0x649A,	0xFFFB,
    0x649C,	0xFFF5,
    0x649E,	0xFFED,
    0x64A0,	0x0000,
    0x64A2,	0x0003,
    0x64A4,	0x0004,
    0x64A6,	0x0006,
    0x64A8,	0x0007,
    0x64AA,	0x0006,
    0x64AC,	0x0008,
    0x64AE,	0x0008,
    0x64B0,	0x0008,
    0x64B2,	0x0006,
    0x64B4,	0x0007,
    0x64B6,	0x0003,
    0x64B8,	0x0002,
    0x64BA,	0xFFFC,
    0x64BC,	0xFFF6,
    0x64BE,	0xFFED,
    0x64C0,	0x0000,
    0x64C2,	0x0003,
    0x64C4,	0x0005,
    0x64C6,	0x0007,
    0x64C8,	0x0007,
    0x64CA,	0x0006,
    0x64CC,	0x0007,
    0x64CE,	0x0008,
    0x64D0,	0x0007,
    0x64D2,	0x0007,
    0x64D4,	0x0006,
    0x64D6,	0x0005,
    0x64D8,	0x0002,
    0x64DA,	0xFFFE,
    0x64DC,	0xFFF7,
    0x64DE,	0xFFE8,
    0x64E0,	0xFFFF,
    0x64E2,	0x0002,
    0x64E4,	0x0003,
    0x64E6,	0x0005,
    0x64E8,	0x0005,
    0x64EA,	0x0005,
    0x64EC,	0x0006,
    0x64EE,	0x0006,
    0x64F0,	0x0007,
    0x64F2,	0x0005,
    0x64F4,	0x0005,
    0x64F6,	0x0002,
    0x64F8,	0x0002,
    0x64FA,	0xFFFC,
    0x64FC,	0xFFF5,
    0x64FE,	0xFFE9,
    0x6500,	0xFFFE,
    0x6502,	0x0001,
    0x6504,	0x0002,
    0x6506,	0x0004,
    0x6508,	0x0005,
    0x650A,	0x0004,
    0x650C,	0x0006,
    0x650E,	0x0005,
    0x6510,	0x0005,
    0x6512,	0x0004,
    0x6514,	0x0004,
    0x6516,	0x0003,
    0x6518,	0x0000,
    0x651A,	0xFFFC,
    0x651C,	0xFFF4,
    0x651E,	0xFFE7,
    0x6520,	0xFFFD,
    0x6522,	0xFFFF,
    0x6524,	0x0001,
    0x6526,	0x0002,
    0x6528,	0x0002,
    0x652A,	0x0003,
    0x652C,	0x0004,
    0x652E,	0x0004,
    0x6530,	0x0004,
    0x6532,	0x0002,
    0x6534,	0x0002,
    0x6536,	0x0001,
    0x6538,	0x0000,
    0x653A,	0xFFFB,
    0x653C,	0xFFF4,
    0x653E,	0xFFE5,
    0x6540,	0xFFFC,
    0x6542,	0xFFFF,
    0x6544,	0x0000,
    0x6546,	0x0002,
    0x6548,	0x0002,
    0x654A,	0x0002,
    0x654C,	0x0003,
    0x654E,	0x0003,
    0x6550,	0x0004,
    0x6552,	0x0004,
    0x6554,	0x0002,
    0x6556,	0x0002,
    0x6558,	0xFFFF,
    0x655A,	0xFFFA,
    0x655C,	0xFFF3,
    0x655E,	0xFFE7,
    0x6560,	0xFFFA,
    0x6562,	0xFFFD,
    0x6564,	0xFFFF,
    0x6566,	0xFFFF,
    0x6568,	0x0001,
    0x656A,	0x0000,
    0x656C,	0x0001,
    0x656E,	0x0001,
    0x6570,	0x0003,
    0x6572,	0x0003,
    0x6574,	0x0001,
    0x6576,	0x0001,
    0x6578,	0xFFFE,
    0x657A,	0xFFFA,
    0x657C,	0xFFF3,
    0x657E,	0xFFE6,
    0x6580,	0xFFFC,
    0x6582,	0xFFFE,
    0x6584,	0x0000,
    0x6586,	0x0001,
    0x6588,	0x0002,
    0x658A,	0x0001,
    0x658C,	0x0003,
    0x658E,	0x0002,
    0x6590,	0x0005,
    0x6592,	0x0006,
    0x6594,	0x0004,
    0x6596,	0x0003,
    0x6598,	0x0001,
    0x659A,	0xFFFB,
    0x659C,	0xFFF4,
    0x659E,	0xFFE9,
    0x65A0,	0xFFF8,
    0x65A2,	0xFFFB,
    0x65A4,	0xFFFC,
    0x65A6,	0xFFFE,
    0x65A8,	0xFFFF,
    0x65AA,	0xFFFF,
    0x65AC,	0x0000,
    0x65AE,	0x0003,
    0x65B0,	0x0004,
    0x65B2,	0x0006,
    0x65B4,	0x0004,
    0x65B6,	0x0004,
    0x65B8,	0x0002,
    0x65BA,	0xFFFB,
    0x65BC,	0xFFF6,
    0x65BE,	0xFFEA,
    0x65C0,	0xFFF6,
    0x65C2,	0xFFF5,
    0x65C4,	0xFFF8,
    0x65C6,	0xFFF7,
    0x65C8,	0xFFFB,
    0x65CA,	0xFFFA,
    0x65CC,	0xFFFF,
    0x65CE,	0xFFFF,
    0x65D0,	0x0003,
    0x65D2,	0x0005,
    0x65D4,	0x0007,
    0x65D6,	0x0002,
    0x65D8,	0x0001,
    0x65DA,	0xFFFB,
    0x65DC,	0xFFF6,
    0x65DE,	0xFFEF,
    0x46C4,	0x0100,
    0x5BB4,	0x0502,
    0x5BC8,	0x090B,
    0x41E4,	0x0000,
    0x41EC,	0x0200,
    0x41F8,	0x0200,
    0x4394,	0x0000,
    0x4396,	0x0000,
    0x4398,	0x0000,
    0x439A,	0x0000,
    0x474C,	0x0201,
    0x474E,	0x0101,
    0x4784,	0x00B7,
    0x4786,	0x00F3,
    0x4788,	0x01DC,
    0x478A,	0x0218,
    0x48A6,	0x1008,
    0x48A8,	0x1010,
    0x0E1C,	0x0300,
    0x0E52,	0x0401,
    0x0E56,	0x0401,
    0x5A70,	0x0080,
    0x48EC,	0x0003,
    0x48EE,	0x0001,
    0x48F0,	0x0002,
    0x48F2,	0x000C,
    0x48F4,	0x0001,
    0x48F6,	0x0005,
    0x48F8,	0x0001,
    0x48FA,	0x0005,
    0x4900,	0x000A,
    0x4902,	0x000B,
    0x4904,	0x0003,
    0x4906,	0x0007,
    0x4908,	0x0003,
    0x490A,	0x000B,
    0x490C,	0x0003,
    0x4910,	0x0030,
    0x4912,	0x0030,
    0x491C,	0x0001,
    0x4920,	0x0001,
    0x4924,	0x0001,
    0x4926,	0x000B,
    0x4928,	0x0020,
    0x492A,	0x000A,
    0x4934,	0x0003,
    0x4938,	0x003C,
    0x493A,	0x003C,
    0x4950,	0x00D9,
    0x4952,	0x00D9,
    0x4954,	0x000C,
    0x4958,	0x0001,
    0x495C,	0x0001,
    0x4960,	0x0001,
    0x4964,	0x0001,
    0x4968,	0x000D,
    0x496C,	0x0001,
    0x4978,	0x0005,
    0x497C,	0x000A,
    0x4980,	0x0016,
    0x4982,	0x0007,
    0x498C,	0x0041,
    0x498E,	0x0064,
    0x49A0,	0x0002,
    0x49A4,	0x0002,
    0x49A8,	0x0001,
    0x49AA,	0x0005,
    0x49AC,	0x0001,
    0x49AE,	0x0000,
    0x49B8,	0x000A,
    0x49C0,	0x000A,
    0x49C8,	0x000A,
    0x49F4,	0x000F,
    0x49F6,	0x0010,
    0x49F8,	0x002F,
    0x49FA,	0x0032,
    0x4ADC,	0x001C,
    0x4ADE,	0x001A,
    0x4AE0,	0x0038,
    0x4AE2,	0x0050,
    0x4AE4,	0x00B6,
    0x4AE6,	0x0096,
    0x4C00,	0x0010,
    0x4C02,	0x0010,
    0x4C04,	0x0001,
    0x4C06,	0x0001,
    0x4C10,	0x0010,
    0x4C12,	0x0007,
    0x4C2C,	0x8119,
    0x4C34,	0x0007,
    0x4C3C,	0x0007,
    0x4C40,	0x0258,
    0x4C42,	0x04BC,
    0x4CB4,	0x811F,
    0x4CB8,	0x8003,
    0x4CBC,	0x80EE,
    0x4CC0,	0x0257,
    0x4D2C,	0x0003,
    0x50C8,	0x0294,
    0x50CA,	0x04C8,
    0x50D0,	0x0200,
    0x50D2,	0x0000,
    0x50DE,	0x0809,
    0x50E0,	0x0D0D,
    0x50E2,	0x0804,
    0x50E4,	0x0104,
    0x50FC,	0x001E,
    0x50FE,	0x0083,
    0x5100,	0xE48D,
    0x5102,	0xFFE7,
    0x5108,	0x0000,
    0x510A,	0x93E1,
    0x5136,	0x0100,
    0x515C,	0x0100,
    0x5336,	0x4662,
    0x533A,	0x0829,
    0x53E8,	0x1108,
    0x53EA,	0x0812,
    0x541C,	0x4000,
    0x541E,	0xF462,
    0x5420,	0x4000,
    0x5422,	0xF818,
    0x546E,	0x000C,
    0x5470,	0x0020,
    0x5472,	0x0020,
    0x5474,	0x0020,
    0x5476,	0x0020,
    0x5482,	0x000C,
    0x5484,	0x0020,
    0x5486,	0x002A,
    0x5488,	0x0030,
    0x548A,	0x0033,
    0x548C,	0x0015,
    0x548E,	0x0010,
    0x5490,	0x0000,
    0x5492,	0x0000,
    0x5494,	0x0000,
    0x54A0,	0x0014,
    0x54A2,	0x0014,
    0x54A4,	0x0014,
    0x54A6,	0x0014,
    0x54A8,	0x0014,
    0x54AA,	0x000B,
    0x54AC,	0x000B,
    0x54AE,	0x000B,
    0x54B0,	0x000B,
    0x54B2,	0x000B,
    0x54BE,	0x000B,
    0x54C0,	0x000B,
    0x54C2,	0x000B,
    0x54C4,	0x000B,
    0x54C6,	0x000B,
    0x54C8,	0x0000,
    0x54CA,	0x0000,
    0x54CC,	0x0000,
    0x54CE,	0x0000,
    0x54D0,	0x0000,
    0x54DC,	0x0000,
    0x54DE,	0x0000,
    0x54E0,	0x0000,
    0x54E2,	0x0000,
    0x54E4,	0x0000,
    0x54E6,	0x0000,
    0x54E8,	0x0000,
    0x54EA,	0x0000,
    0x54EC,	0x0000,
    0x54EE,	0x0000,
    0x54FA,	0x0000,
    0x54FC,	0x0000,
    0x54FE,	0x0000,
    0x5500,	0x0000,
    0x5502,	0x0000,
    0x5504,	0x00F0,
    0x5506,	0x00F0,
    0x5508,	0x00F0,
    0x550A,	0x00F0,
    0x550C,	0x00F0,
    0x5518,	0x00F0,
    0x551A,	0x00F0,
    0x551C,	0x00F0,
    0x551E,	0x00F0,
    0x5520,	0x00F0,
    0x5522,	0x004B,
    0x5524,	0x0055,
    0x5526,	0x0055,
    0x5528,	0x0055,
    0x552A,	0x0055,
    0x5536,	0x0055,
    0x5538,	0x0055,
    0x553A,	0x0055,
    0x553C,	0x0055,
    0x553E,	0x0055,
    0x5540,	0x2672,
    0x5542,	0x2672,
    0x5544,	0x2672,
    0x5546,	0x2672,
    0x5548,	0x2672,
    0x5554,	0x2672,
    0x5556,	0x2672,
    0x5558,	0x2672,
    0x555A,	0x2672,
    0x555C,	0x2672,
    0xCCA8,	0x0020,
    0xCCAA,	0x0020,
    0xCCC6,	0x0005,
    0xCCC8,	0x000F,
    0xCCCA,	0x0014,
    0xCCCC,	0x0019,
    0xCCCE,	0x0019,
    0xCCD0,	0x0005,
    0xCCD2,	0x000A,
    0xCCD4,	0x000F,
    0xCCD6,	0x0014,
    0xCCD8,	0x0014,
    0xCCF0,	0x0017,
    0xCCF2,	0x002F,
    0xCCF4,	0x004E,
    0xCCF8,	0x0005,
    0xCCFA,	0x003C,
    0xCD16,	0x0019,
    0xCD18,	0x001E,
    0xCD1A,	0x0023,
    0xCD1C,	0x0028,
    0xCD1E,	0x0028,
    0xCD20,	0x0014,
    0xCD22,	0x0019,
    0xCD24,	0x001E,
    0xCD26,	0x0023,
    0xCD28,	0x0023,
    0xB9BC,	0x0100,
    0xBB96,	0x0001,
    0xBB9A,	0x0001,
    0xBBA6,	0x0001,
    0xBBAA,	0x0001,
    0xBBD6,	0x0008,
    0xBBD8,	0x0000,
    0xBBDA,	0x0006,
    0xBBDC,	0x0000,
    0xBBDE,	0x0000,
    0xBBE0,	0x0000,
    0xBBE2,	0x0000,
    0xBBE4,	0x0000,
    0xBBE6,	0x0006,
    0xBBE8,	0x0000,
    0xBBEA,	0x0008,
    0xBBEC,	0x0000,
    0xBBEE,	0x0000,
    0xBBF0,	0x0000,
    0xBBF2,	0x0000,
    0xBBF4,	0x0000,
    0xBBF6,	0x0000,
    0xBBFA,	0x0000,
    0xBC06,	0x0000,
    0xBC0A,	0x0000,
    0xBC58,	0x0002,
    0xBC5A,	0x0000,
    0xBC5C,	0x0000,
    0xBC5E,	0x0000,
    0xBC60,	0x0000,
    0xBC62,	0x0000,
    0xBC64,	0x0000,
    0xBC66,	0x0000,
    0xBC68,	0x0000,
    0xBC6A,	0x0000,
    0xBC6C,	0x0000,
    0xBC6E,	0x0000,
    0xBC70,	0x0000,
    0xBC72,	0x0000,
    0xBC74,	0x0000,
    0xBC76,	0x0000,
    0xBA44,	0x0000,
    0xBA46,	0x017F,
    0xBA48,	0x03FF,
    0xBA4A,	0x1010,
    0xBA4C,	0x1000,
    0xBA4E,	0x0400,
    0xBA50,	0x4000,
    0xBA52,	0x1000,
    0xBA54,	0x0FF0,
    0xBA6E,	0x017F,
    0xBA70,	0x03FF,
    0xBA72,	0x1020,
    0xBA74,	0x1060,
    0xBA76,	0x0400,
    0xBA78,	0x4000,
    0xBA7A,	0x1020,
    0xBA7C,	0x1020,
    0xBA96,	0x017F,
    0xBA98,	0x03FF,
    0xBA9A,	0x1030,
    0xBA9C,	0x1050,
    0xBA9E,	0x0400,
    0xBAA0,	0x4000,
    0xBAA2,	0x1020,
    0xBAA4,	0x1020,
    0xBABE,	0x017F,
    0xBAC0,	0x03FF,
    0xBAC2,	0x1010,
    0xBAC4,	0x1000,
    0xBAC6,	0x0400,
    0xBAC8,	0x4000,
    0xBACA,	0x1000,
    0xBACC,	0x0FF0,
    0xBAE6,	0x0000,
    0xBAE8,	0x0000,
    0xBAEA,	0x0000,
    0xBAEC,	0x0000,
    0xBAEE,	0x0000,
    0xBAF0,	0x0000,
    0xBAF2,	0x0000,
    0xBAF4,	0x0000,
    0xBB0E,	0x0000,
    0xBB10,	0x0000,
    0xBB12,	0x0000,
    0xBB14,	0x0000,
    0xBB16,	0x0000,
    0xBB18,	0x0000,
    0xBB1A,	0x0000,
    0xBB1C,	0x0000,
    0xBB36,	0x0000,
    0xBB38,	0x0000,
    0xBB3A,	0x0000,
    0xBB3C,	0x0000,
    0xBB3E,	0x0000,
    0xBB40,	0x0000,
    0xBB42,	0x0000,
    0xBB44,	0x0000,
    0xBB5E,	0x0000,
    0xBB60,	0x0000,
    0xBB62,	0x0000,
    0xBB64,	0x0000,
    0xBB66,	0x0000,
    0xBB68,	0x0000,
    0xBB6A,	0x0000,
    0xBB6C,	0x0000,
    0xCE9A,	0x0200,
    0xCEA2,	0x0006,
    0xCEB0,	0x0080,
    0xCEE4,	0x0040,
    0xCEEC,	0x0006,
    0xCEEE,	0x0100,
    0xCEF8,	0x03E8,
    0xCEFA,	0x0080,
    0xCEFC,	0x0080,
    0xCEFE,	0x03E8,
    0xCF00,	0x0080,
    0xCF02,	0x0080,
    0xCF04,	0x0100,
    0xCF08,	0x0040,
    0xA8B0,	0x0440,
    0xA8B6,	0x0000,
    0xA8B8,	0x0101,
    0xA8BE,	0x0000,
    0xA8C0,	0x0000,
    0xA8C2,	0x0000,
    0xA8C4,	0x0000,
    0xA8D6,	0x0000,
    0xA8D8,	0x0000,
    0xA8DA,	0x0000,
    0xA8DC,	0x0000,
    0xA8DE,	0x0000,
    0xA8E0,	0x0000,
    0xA8E2,	0x0000,
    0xA8E4,	0x0000,
    0xA8E6,	0x0000,
    0xA8E8,	0x0000,
    0xA8EA,	0x0000,
    0xA8EC,	0x0000,
    0xA8EE,	0x0000,
    0xA8F0,	0x0000,
    0xA8F2,	0x0000,
    0xA8F4,	0x0000,
    0xA8F6,	0x0000,
    0xA8F8,	0x0000,
    0xA8FA,	0x0000,
    0xA8FC,	0x0000,
    0xA8FE,	0x0000,
    0xA900,	0x0000,
    0xA902,	0x0000,
    0xA904,	0x0000,
    0xA906,	0x0000,
    0xA908,	0x0000,
    0xA90A,	0x0000,
    0xA90C,	0x0000,
    0xA90E,	0x0000,
    0xA910,	0x0000,
    0xA912,	0x0000,
    0xA914,	0x0000,
    0xA916,	0x0000,
    0xA918,	0x0000,
    0xA91A,	0x0000,
    0xA91C,	0x0000,
    0xA91E,	0x0000,
    0xA920,	0x0000,
    0xA922,	0x0000,
    0xA924,	0x0000,
    0xA926,	0x0000,
    0xA928,	0x0000,
    0xA92A,	0x0000,
    0xA92C,	0x0000,
    0xA92E,	0x0000,
    0xA930,	0x0000,
    0xA932,	0x0000,
    0xA934,	0x0000,
    0xA936,	0x0000,
    0xA938,	0x0000,
    0xA93A,	0x0000,
    0xA93C,	0x0000,
    0xA93E,	0x0000,
    0xA940,	0x0000,
    0xA942,	0x0000,
    0xA944,	0x0000,
    0xA946,	0x0000,
    0xA948,	0x0000,
    0xA94A,	0x0000,
    0xA94C,	0x0000,
    0xA94E,	0x0000,
    0xA950,	0x0000,
    0xA952,	0x0000,
    0xA954,	0x0000,
    0xA956,	0x0000,
    0xA958,	0x0000,
    0xA95A,	0x0000,
    0xA95C,	0x0000,
    0xA95E,	0x0000,
    0xA960,	0x0000,
    0xA962,	0x0000,
    0xA964,	0x0000,
    0xA966,	0x0000,
    0xA968,	0x0000,
    0xA96A,	0x0000,
    0xA96C,	0x0000,
    0xA96E,	0x0000,
    0xA970,	0x0000,
    0xA972,	0x0000,
    0xA974,	0x0000,
    0xA976,	0x0000,
    0xAA6A,	0x0000,
    0xAA6C,	0x0000,
    0xAA6E,	0x0000,
    0xAABE,	0x0000,
    0xAAC0,	0x0000,
    0xAAC2,	0x0000,
    0xFCFC,	0x2001,
    0xE300,	0x0101,
    0xE30E,	0x0100,
    0xFCFC,	0x4000,
    0xF848,	0x01FF,
    0xF87E,	0x011B,
    0xF976,	0x0618,
    0xF978,	0x0500,
    0xFA3C,	0x0000,
    0xFA3E,	0x0000,
    0x081E,	0x1000,
};
static u16 s5kgn9sp_video_setting[] = {
	0xFCFC,	0x2000,
    0x0EDC,	0x0000,
    0x0EDE,	0x0000,
    0xFCFC,	0x4000,
    0x0B30,	0x01FF,
    0xFCFC,	0x4000,
    0xA102,	0x0B02,
    0x0344,	0x0010,
    0x0346,	0x0318,
    0x0348,	0x1FEF,
    0x034A,	0x1507,
    0x034C,	0x0FF0,
    0x034E,	0x08F8,
    0x0340,	0x13C0,
    0x0342,	0x1AA0,
    0x0900,	0x2222,
    0x0380,	0x0002,
    0x0382,	0x0002,
    0x0384,	0x0002,
    0x0386,	0x0002,
    0x0350,	0x0000,
    0x0352,	0x0000,
    0x0136,	0x1800,
    0x013E,	0x0000,
    0x0304,	0x0003,
    0x0306,	0x0082,
    0x030C,	0x0000,
    0x030E,	0x0003,
    0x0310,	0x0078,
    0x0312,	0x0000,
    0x0B08,	0x0000,
    0x0BCA,	0x0101,
    0x0BCC,	0x0100,
    0x0202,	0x0004,
    0x0226,	0x0100,
    0x0702,	0x0000,
    0x0704,	0x0000,
    0x0204,	0x0020,
    0x0206,	0x0020,
    0x0112,	0x0A0A,
    0x0114,	0x0301,
    0x0118,	0x0004,
    0x011A,	0x0001,
    0x011C,	0x0101,
    0x021E,	0x0000,
    0x0228,	0x0100,
    0x0260,	0x0002,
    0x0262,	0x0300,
    0x0264,	0x0104,
    0x0266,	0x0500,
    0x0274,	0x2B2B,
    0x0D00,	0x0101,
    0x0D02,	0x0101,
    0x0D06,	0x0000,
    0x0D08,	0x0000,
    0x0D0C,	0x0000,
    0x0D0E,	0x0000,
    0x0FF4,	0x4088,
    0xFCFC,	0x2000,
    0xC640,	0x0200,
    0xC644,	0x480C,
    0xCAB6,	0x0000,
    0xCC0C,	0x0200,
    0xCC10,	0x015A,
    0xCBAA,	0x5D00,
    0xCBB6,	0x00FF,
    0xC120,	0x0200,
    0xC122,	0x5588,
    0xC12A,	0x0000,
    0xC12C,	0x123D,
    0xC176,	0x0301,
    0xC134,	0x0201,
    0xC13A,	0x0000,
    0xC13C,	0x0001,
    0xC15A,	0x00FF,
    0x4708,	0x003E,
    0x471A,	0x0000,
    0x0F2C,	0x0001,
    0x0EC2,	0x0101,
    0x4864,	0x0101,
    0x48BE,	0x0101,
    0x5CF2,	0x4422,
    0x62E0,	0x0203,
    0x59EC,	0x0100,
    0x5A16,	0x0004,
    0x5A64,	0x013E,
    0x5CC6,	0x033F,
    0x5CCA,	0x0000,
    0x5CCE,	0x0000,
    0x5ABA,	0x0022,
    0x5ACA,	0x0000,
    0x5AC6,	0x0000,
    0x5AD6,	0x000A,
    0x5AD8,	0x0001,
    0x5ADA,	0x0000,
    0x5ADC,	0x0032,
    0x5AE2,	0x0028,
    0x5AE4,	0x0069,
    0x5AE6,	0x00AE,
    0x5AE8,	0x00EA,
    0x5AEA,	0x01C7,
    0x5AEC,	0x0283,
    0xC500,	0x0010,
    0xC504,	0x0800,
    0xC508,	0x0101,
    0xC60A,	0x0000,
    0xC60C,	0x0000,
    0xCBA8,	0x00DA,
    0xCBAE,	0x0000,
    0x0E70,	0x1000,
    0x6434,	0x0000,
    0x6436,	0x0B06,
    0x643C,	0xFFFF,
    0x6446,	0x0006,
    0x8860,	0x0100,
    0x6430,	0x0010,
    0x6432,	0x000C,
    0xA884,	0x007F,
    0x8872,	0x0014,
    0x887C,	0x0000,
    0x887A,	0x0001,
    0x8870,	0x0005,
    0xA882,	0x00FF,
    0xA888,	0x0000,
    0xA88A,	0xFFFF,
    0x887E,	0x0000,
    0x8876,	0x001E,
    0x8874,	0x0000,
    0x6460,	0x0000,
    0x6462,	0x0000,
    0x6464,	0x0000,
    0x6466,	0x0000,
    0x6468,	0x0000,
    0x646A,	0x0000,
    0x646C,	0x0000,
    0x646E,	0x0000,
    0x6470,	0x0000,
    0x6472,	0x0000,
    0x6474,	0x0000,
    0x6476,	0x0000,
    0x6478,	0x0000,
    0x647A,	0x0000,
    0x647C,	0x0000,
    0x647E,	0x0000,
    0x6480,	0x0000,
    0x6482,	0x0000,
    0x6484,	0x0000,
    0x6486,	0x0000,
    0x6488,	0x0000,
    0x648A,	0x0000,
    0x648C,	0x0000,
    0x648E,	0x0000,
    0x6490,	0x0000,
    0x6492,	0x0000,
    0x6494,	0x0000,
    0x6496,	0x0000,
    0x6498,	0x0000,
    0x649A,	0x0000,
    0x649C,	0x0000,
    0x649E,	0x0000,
    0x64A0,	0x0000,
    0x64A2,	0x0000,
    0x64A4,	0x0000,
    0x64A6,	0x0000,
    0x64A8,	0x0000,
    0x64AA,	0x0000,
    0x64AC,	0x0000,
    0x64AE,	0x0000,
    0x64B0,	0x0000,
    0x64B2,	0x0000,
    0x64B4,	0x0000,
    0x64B6,	0x0000,
    0x64B8,	0x0000,
    0x64BA,	0x0000,
    0x64BC,	0x0000,
    0x64BE,	0x0000,
    0x64C0,	0x0000,
    0x64C2,	0x0000,
    0x64C4,	0x0000,
    0x64C6,	0x0000,
    0x64C8,	0x0000,
    0x64CA,	0x0000,
    0x64CC,	0x0000,
    0x64CE,	0x0000,
    0x64D0,	0x0000,
    0x64D2,	0x0000,
    0x64D4,	0x0000,
    0x64D6,	0x0000,
    0x64D8,	0x0000,
    0x64DA,	0x0000,
    0x64DC,	0x0000,
    0x64DE,	0x0000,
    0x64E0,	0x0000,
    0x64E2,	0x0000,
    0x64E4,	0x0000,
    0x64E6,	0x0000,
    0x64E8,	0x0000,
    0x64EA,	0x0000,
    0x64EC,	0x0000,
    0x64EE,	0x0000,
    0x64F0,	0x0000,
    0x64F2,	0x0000,
    0x64F4,	0x0000,
    0x64F6,	0x0000,
    0x64F8,	0x0000,
    0x64FA,	0x0000,
    0x64FC,	0x0000,
    0x64FE,	0x0000,
    0x6500,	0x0000,
    0x6502,	0x0000,
    0x6504,	0x0000,
    0x6506,	0x0000,
    0x6508,	0x0000,
    0x650A,	0x0000,
    0x650C,	0x0000,
    0x650E,	0x0000,
    0x6510,	0x0000,
    0x6512,	0x0000,
    0x6514,	0x0000,
    0x6516,	0x0000,
    0x6518,	0x0000,
    0x651A,	0x0000,
    0x651C,	0x0000,
    0x651E,	0x0000,
    0x6520,	0x0000,
    0x6522,	0x0000,
    0x6524,	0x0000,
    0x6526,	0x0000,
    0x6528,	0x0000,
    0x652A,	0x0000,
    0x652C,	0x0000,
    0x652E,	0x0000,
    0x6530,	0x0000,
    0x6532,	0x0000,
    0x6534,	0x0000,
    0x6536,	0x0000,
    0x6538,	0x0000,
    0x653A,	0x0000,
    0x653C,	0x0000,
    0x653E,	0x0000,
    0x6540,	0x0000,
    0x6542,	0x0000,
    0x6544,	0x0000,
    0x6546,	0x0000,
    0x6548,	0x0000,
    0x654A,	0x0000,
    0x654C,	0x0000,
    0x654E,	0x0000,
    0x6550,	0x0000,
    0x6552,	0x0000,
    0x6554,	0x0000,
    0x6556,	0x0000,
    0x6558,	0x0000,
    0x655A,	0x0000,
    0x655C,	0x0000,
    0x655E,	0x0000,
    0x6560,	0x0000,
    0x6562,	0x0000,
    0x6564,	0x0000,
    0x6566,	0x0000,
    0x6568,	0x0000,
    0x656A,	0x0000,
    0x656C,	0x0000,
    0x656E,	0x0000,
    0x6570,	0x0000,
    0x6572,	0x0000,
    0x6574,	0x0000,
    0x6576,	0x0000,
    0x6578,	0x0000,
    0x657A,	0x0000,
    0x657C,	0x0000,
    0x657E,	0x0000,
    0x6580,	0x0000,
    0x6582,	0x0000,
    0x6584,	0x0000,
    0x6586,	0x0000,
    0x6588,	0x0000,
    0x658A,	0x0000,
    0x658C,	0x0000,
    0x658E,	0x0000,
    0x6590,	0x0000,
    0x6592,	0x0000,
    0x6594,	0x0000,
    0x6596,	0x0000,
    0x6598,	0x0000,
    0x659A,	0x0000,
    0x659C,	0x0000,
    0x659E,	0x0000,
    0x65A0,	0x0000,
    0x65A2,	0x0000,
    0x65A4,	0x0000,
    0x65A6,	0x0000,
    0x65A8,	0x0000,
    0x65AA,	0x0000,
    0x65AC,	0x0000,
    0x65AE,	0x0000,
    0x65B0,	0x0000,
    0x65B2,	0x0000,
    0x65B4,	0x0000,
    0x65B6,	0x0000,
    0x65B8,	0x0000,
    0x65BA,	0x0000,
    0x65BC,	0x0000,
    0x65BE,	0x0000,
    0x65C0,	0x0000,
    0x65C2,	0x0000,
    0x65C4,	0x0000,
    0x65C6,	0x0000,
    0x65C8,	0x0000,
    0x65CA,	0x0000,
    0x65CC,	0x0000,
    0x65CE,	0x0000,
    0x65D0,	0x0000,
    0x65D2,	0x0000,
    0x65D4,	0x0000,
    0x65D6,	0x0000,
    0x65D8,	0x0000,
    0x65DA,	0x0000,
    0x65DC,	0x0000,
    0x65DE,	0x0000,
    0x46C4,	0x0100,
    0x5BB4,	0x0502,
    0x5BC8,	0x090B,
    0x41E4,	0x0000,
    0x41EC,	0x0200,
    0x41F8,	0x0200,
    0x4394,	0x0000,
    0x4396,	0x0000,
    0x4398,	0x0000,
    0x439A,	0x0000,
    0x474C,	0x0201,
    0x474E,	0x0101,
    0x4784,	0x00B7,
    0x4786,	0x00F3,
    0x4788,	0x01DC,
    0x478A,	0x0218,
    0x48A6,	0x1008,
    0x48A8,	0x1010,
    0x0E1C,	0x0300,
    0x0E52,	0x0401,
    0x0E56,	0x0401,
    0x5A70,	0x0080,
    0x48EC,	0x0003,
    0x48EE,	0x0001,
    0x48F0,	0x0002,
    0x48F2,	0x000C,
    0x48F4,	0x0001,
    0x48F6,	0x0005,
    0x48F8,	0x0001,
    0x48FA,	0x0005,
    0x4900,	0x000A,
    0x4902,	0x000B,
    0x4904,	0x0003,
    0x4906,	0x0007,
    0x4908,	0x0003,
    0x490A,	0x000B,
    0x490C,	0x0003,
    0x4910,	0x0030,
    0x4912,	0x0030,
    0x491C,	0x0001,
    0x4920,	0x0001,
    0x4924,	0x0001,
    0x4926,	0x000B,
    0x4928,	0x0020,
    0x492A,	0x000A,
    0x4934,	0x0003,
    0x4938,	0x003C,
    0x493A,	0x003C,
    0x4950,	0x00D9,
    0x4952,	0x00D9,
    0x4954,	0x000C,
    0x4958,	0x0001,
    0x495C,	0x0001,
    0x4960,	0x0001,
    0x4964,	0x0001,
    0x4968,	0x000D,
    0x496C,	0x0001,
    0x4978,	0x0005,
    0x497C,	0x000A,
    0x4980,	0x0016,
    0x4982,	0x0007,
    0x498C,	0x0041,
    0x498E,	0x0064,
    0x49A0,	0x0002,
    0x49A4,	0x0002,
    0x49A8,	0x0001,
    0x49AA,	0x0005,
    0x49AC,	0x0001,
    0x49AE,	0x0000,
    0x49B8,	0x000A,
    0x49C0,	0x000A,
    0x49C8,	0x000A,
    0x49F4,	0x000F,
    0x49F6,	0x0010,
    0x49F8,	0x002F,
    0x49FA,	0x0032,
    0x4ADC,	0x001C,
    0x4ADE,	0x001A,
    0x4AE0,	0x0038,
    0x4AE2,	0x0050,
    0x4AE4,	0x00B6,
    0x4AE6,	0x0096,
    0x4C00,	0x0010,
    0x4C02,	0x0010,
    0x4C04,	0x0001,
    0x4C06,	0x0001,
    0x4C10,	0x0010,
    0x4C12,	0x0007,
    0x4C2C,	0x8119,
    0x4C34,	0x0007,
    0x4C3C,	0x0007,
    0x4C40,	0x0258,
    0x4C42,	0x04BC,
    0x4CB4,	0x811F,
    0x4CB8,	0x8003,
    0x4CBC,	0x80EE,
    0x4CC0,	0x0257,
    0x4D2C,	0x0003,
    0x50C8,	0x0294,
    0x50CA,	0x04C8,
    0x50D0,	0x0200,
    0x50D2,	0x0000,
    0x50DE,	0x0809,
    0x50E0,	0x0D0D,
    0x50E2,	0x0804,
    0x50E4,	0x0104,
    0x50FC,	0x001E,
    0x50FE,	0x0083,
    0x5100,	0xE48D,
    0x5102,	0xFFE7,
    0x5108,	0x0000,
    0x510A,	0x93E1,
    0x5136,	0x0100,
    0x515C,	0x0100,
    0x5336,	0x4662,
    0x533A,	0x0829,
    0x53E8,	0x1108,
    0x53EA,	0x0812,
    0x541C,	0x4000,
    0x541E,	0xF462,
    0x5420,	0x4000,
    0x5422,	0xF818,
    0x546E,	0x000C,
    0x5470,	0x0020,
    0x5472,	0x0020,
    0x5474,	0x0020,
    0x5476,	0x0020,
    0x5482,	0x000C,
    0x5484,	0x0020,
    0x5486,	0x002A,
    0x5488,	0x0030,
    0x548A,	0x0033,
    0x548C,	0x0015,
    0x548E,	0x0010,
    0x5490,	0x0000,
    0x5492,	0x0000,
    0x5494,	0x0000,
    0x54A0,	0x0014,
    0x54A2,	0x0014,
    0x54A4,	0x0014,
    0x54A6,	0x0014,
    0x54A8,	0x0014,
    0x54AA,	0x000B,
    0x54AC,	0x000B,
    0x54AE,	0x000B,
    0x54B0,	0x000B,
    0x54B2,	0x000B,
    0x54BE,	0x000B,
    0x54C0,	0x000B,
    0x54C2,	0x000B,
    0x54C4,	0x000B,
    0x54C6,	0x000B,
    0x54C8,	0x0000,
    0x54CA,	0x0000,
    0x54CC,	0x0000,
    0x54CE,	0x0000,
    0x54D0,	0x0000,
    0x54DC,	0x0000,
    0x54DE,	0x0000,
    0x54E0,	0x0000,
    0x54E2,	0x0000,
    0x54E4,	0x0000,
    0x54E6,	0x0000,
    0x54E8,	0x0000,
    0x54EA,	0x0000,
    0x54EC,	0x0000,
    0x54EE,	0x0000,
    0x54FA,	0x0000,
    0x54FC,	0x0000,
    0x54FE,	0x0000,
    0x5500,	0x0000,
    0x5502,	0x0000,
    0x5504,	0x00F0,
    0x5506,	0x00F0,
    0x5508,	0x00F0,
    0x550A,	0x00F0,
    0x550C,	0x00F0,
    0x5518,	0x00F0,
    0x551A,	0x00F0,
    0x551C,	0x00F0,
    0x551E,	0x00F0,
    0x5520,	0x00F0,
    0x5522,	0x004B,
    0x5524,	0x0055,
    0x5526,	0x0055,
    0x5528,	0x0055,
    0x552A,	0x0055,
    0x5536,	0x0055,
    0x5538,	0x0055,
    0x553A,	0x0055,
    0x553C,	0x0055,
    0x553E,	0x0055,
    0x5540,	0x2672,
    0x5542,	0x2672,
    0x5544,	0x2672,
    0x5546,	0x2672,
    0x5548,	0x2672,
    0x5554,	0x2672,
    0x5556,	0x2672,
    0x5558,	0x2672,
    0x555A,	0x2672,
    0x555C,	0x2672,
    0xCCA8,	0x0020,
    0xCCAA,	0x0020,
    0xCCC6,	0x0005,
    0xCCC8,	0x000F,
    0xCCCA,	0x0014,
    0xCCCC,	0x0019,
    0xCCCE,	0x0019,
    0xCCD0,	0x0005,
    0xCCD2,	0x000A,
    0xCCD4,	0x000F,
    0xCCD6,	0x0014,
    0xCCD8,	0x0014,
    0xCCF0,	0x0017,
    0xCCF2,	0x002F,
    0xCCF4,	0x004E,
    0xCCF8,	0x0005,
    0xCCFA,	0x003C,
    0xCD16,	0x0019,
    0xCD18,	0x001E,
    0xCD1A,	0x0023,
    0xCD1C,	0x0028,
    0xCD1E,	0x0028,
    0xCD20,	0x0014,
    0xCD22,	0x0019,
    0xCD24,	0x001E,
    0xCD26,	0x0023,
    0xCD28,	0x0023,
    0xB9BC,	0x0100,
    0xBB96,	0x0001,
    0xBB9A,	0x0001,
    0xBBA6,	0x0001,
    0xBBAA,	0x0001,
    0xBBD6,	0x0006,
    0xBBD8,	0x0000,
    0xBBDA,	0x0004,
    0xBBDC,	0x0000,
    0xBBDE,	0x0000,
    0xBBE0,	0x0000,
    0xBBE2,	0x0000,
    0xBBE4,	0x0000,
    0xBBE6,	0x0004,
    0xBBE8,	0x0000,
    0xBBEA,	0x0006,
    0xBBEC,	0x0000,
    0xBBEE,	0x0000,
    0xBBF0,	0x0000,
    0xBBF2,	0x0000,
    0xBBF4,	0x0000,
    0xBBF6,	0x0000,
    0xBBFA,	0x0000,
    0xBC06,	0x0000,
    0xBC0A,	0x0000,
    0xBC58,	0x0002,
    0xBC5A,	0x0000,
    0xBC5C,	0x0000,
    0xBC5E,	0x0000,
    0xBC60,	0x0000,
    0xBC62,	0x0000,
    0xBC64,	0x0000,
    0xBC66,	0x0000,
    0xBC68,	0x0000,
    0xBC6A,	0x0000,
    0xBC6C,	0x0000,
    0xBC6E,	0x0000,
    0xBC70,	0x0000,
    0xBC72,	0x0000,
    0xBC74,	0x0000,
    0xBC76,	0x0000,
    0xBA44,	0x0000,
    0xBA46,	0x017F,
    0xBA48,	0x03FF,
    0xBA4A,	0x1010,
    0xBA4C,	0x1000,
    0xBA4E,	0x0400,
    0xBA50,	0x4000,
    0xBA52,	0x1000,
    0xBA54,	0x0FF0,
    0xBA6E,	0x017F,
    0xBA70,	0x03FF,
    0xBA72,	0x1020,
    0xBA74,	0x1060,
    0xBA76,	0x0400,
    0xBA78,	0x4000,
    0xBA7A,	0x1020,
    0xBA7C,	0x1020,
    0xBA96,	0x017F,
    0xBA98,	0x03FF,
    0xBA9A,	0x1030,
    0xBA9C,	0x1050,
    0xBA9E,	0x0400,
    0xBAA0,	0x4000,
    0xBAA2,	0x1020,
    0xBAA4,	0x1020,
    0xBABE,	0x017F,
    0xBAC0,	0x03FF,
    0xBAC2,	0x1010,
    0xBAC4,	0x1000,
    0xBAC6,	0x0400,
    0xBAC8,	0x4000,
    0xBACA,	0x1000,
    0xBACC,	0x0FF0,
    0xBAE6,	0x0000,
    0xBAE8,	0x0000,
    0xBAEA,	0x0000,
    0xBAEC,	0x0000,
    0xBAEE,	0x0000,
    0xBAF0,	0x0000,
    0xBAF2,	0x0000,
    0xBAF4,	0x0000,
    0xBB0E,	0x0000,
    0xBB10,	0x0000,
    0xBB12,	0x0000,
    0xBB14,	0x0000,
    0xBB16,	0x0000,
    0xBB18,	0x0000,
    0xBB1A,	0x0000,
    0xBB1C,	0x0000,
    0xBB36,	0x0000,
    0xBB38,	0x0000,
    0xBB3A,	0x0000,
    0xBB3C,	0x0000,
    0xBB3E,	0x0000,
    0xBB40,	0x0000,
    0xBB42,	0x0000,
    0xBB44,	0x0000,
    0xBB5E,	0x0000,
    0xBB60,	0x0000,
    0xBB62,	0x0000,
    0xBB64,	0x0000,
    0xBB66,	0x0000,
    0xBB68,	0x0000,
    0xBB6A,	0x0000,
    0xBB6C,	0x0000,
    0xCE9A,	0x0200,
    0xCEA2,	0x0006,
    0xCEB0,	0x0080,
    0xCEE4,	0x0040,
    0xCEEC,	0x0006,
    0xCEEE,	0x0100,
    0xCEF8,	0x03E8,
    0xCEFA,	0x0080,
    0xCEFC,	0x0080,
    0xCEFE,	0x03E8,
    0xCF00,	0x0080,
    0xCF02,	0x0080,
    0xCF04,	0x0100,
    0xCF08,	0x0040,
    0xA8B0,	0x0440,
    0xA8B6,	0x0000,
    0xA8B8,	0x0101,
    0xA8BE,	0x0000,
    0xA8C0,	0x0000,
    0xA8C2,	0x0000,
    0xA8C4,	0x0000,
    0xA8D6,	0x0000,
    0xA8D8,	0x0000,
    0xA8DA,	0x0000,
    0xA8DC,	0x0000,
    0xA8DE,	0x0000,
    0xA8E0,	0x0000,
    0xA8E2,	0x0000,
    0xA8E4,	0x0000,
    0xA8E6,	0x0000,
    0xA8E8,	0x0000,
    0xA8EA,	0x0000,
    0xA8EC,	0x0000,
    0xA8EE,	0x0000,
    0xA8F0,	0x0000,
    0xA8F2,	0x0000,
    0xA8F4,	0x0000,
    0xA8F6,	0x0000,
    0xA8F8,	0x0000,
    0xA8FA,	0x0000,
    0xA8FC,	0x0000,
    0xA8FE,	0x0000,
    0xA900,	0x0000,
    0xA902,	0x0000,
    0xA904,	0x0000,
    0xA906,	0x0000,
    0xA908,	0x0000,
    0xA90A,	0x0000,
    0xA90C,	0x0000,
    0xA90E,	0x0000,
    0xA910,	0x0000,
    0xA912,	0x0000,
    0xA914,	0x0000,
    0xA916,	0x0000,
    0xA918,	0x0000,
    0xA91A,	0x0000,
    0xA91C,	0x0000,
    0xA91E,	0x0000,
    0xA920,	0x0000,
    0xA922,	0x0000,
    0xA924,	0x0000,
    0xA926,	0x0000,
    0xA928,	0x0000,
    0xA92A,	0x0000,
    0xA92C,	0x0000,
    0xA92E,	0x0000,
    0xA930,	0x0000,
    0xA932,	0x0000,
    0xA934,	0x0000,
    0xA936,	0x0000,
    0xA938,	0x0000,
    0xA93A,	0x0000,
    0xA93C,	0x0000,
    0xA93E,	0x0000,
    0xA940,	0x0000,
    0xA942,	0x0000,
    0xA944,	0x0000,
    0xA946,	0x0000,
    0xA948,	0x0000,
    0xA94A,	0x0000,
    0xA94C,	0x0000,
    0xA94E,	0x0000,
    0xA950,	0x0000,
    0xA952,	0x0000,
    0xA954,	0x0000,
    0xA956,	0x0000,
    0xA958,	0x0000,
    0xA95A,	0x0000,
    0xA95C,	0x0000,
    0xA95E,	0x0000,
    0xA960,	0x0000,
    0xA962,	0x0000,
    0xA964,	0x0000,
    0xA966,	0x0000,
    0xA968,	0x0000,
    0xA96A,	0x0000,
    0xA96C,	0x0000,
    0xA96E,	0x0000,
    0xA970,	0x0000,
    0xA972,	0x0000,
    0xA974,	0x0000,
    0xA976,	0x0000,
    0xAA6A,	0x0000,
    0xAA6C,	0x0000,
    0xAA6E,	0x0000,
    0xAABE,	0x0000,
    0xAAC0,	0x0000,
    0xAAC2,	0x0000,
    0xFCFC,	0x2001,
    0xE300,	0x0101,
    0xE30E,	0x0100,
    0xFCFC,	0x4000,
    0xF848,	0x01FF,
    0xF87E,	0x011B,
    0xF976,	0x0618,
    0xF978,	0x0500,
    0xFA3C,	0x0000,
    0xFA3E,	0x0000,
    0x081E,	0x1000,
};
static u16 s5kgn9sp_hs_video_setting[] = {
	0xFCFC,	0x2000,
    0x0EDC,	0x0000,
    0x0EDE,	0x0000,
    0xFCFC,	0x4000,
    0x0B30,	0x01FF,
    0xFCFC,	0x4000,
    0xA102,	0x0B02,
    0x0344,	0x0010,
    0x0346,	0x0010,
    0x0348,	0x1FEF,
    0x034A,	0x180F,
    0x034C,	0x0FF0,
    0x034E,	0x0C00,
    0x0340,	0x0CCA,
    0x0342,	0x14A0,
    0x0900,	0x2222,
    0x0380,	0x0002,
    0x0382,	0x0002,
    0x0384,	0x0002,
    0x0386,	0x0002,
    0x0350,	0x0000,
    0x0352,	0x0000,
    0x0136,	0x1800,
    0x013E,	0x0000,
    0x0304,	0x0003,
    0x0306,	0x0082,
    0x030C,	0x0000,
    0x030E,	0x0003,
    0x0310,	0x0079,
    0x0312,	0x0000,
    0x0B08,	0x0000,
    0x0BCA,	0x0101,
    0x0BCC,	0x0100,
    0x0202,	0x0004,
    0x0226,	0x0100,
    0x0702,	0x0000,
    0x0704,	0x0000,
    0x0204,	0x0020,
    0x0206,	0x0020,
    0x0112,	0x0A0A,
    0x0114,	0x0301,
    0x0118,	0x0004,
    0x011A,	0x0001,
    0x011C,	0x0101,
    0x021E,	0x0000,
    0x0228,	0x0100,
    0x0260,	0x0002,
    0x0262,	0x0300,
    0x0264,	0x0104,
    0x0266,	0x0500,
    0x0274,	0x2B2B,
    0x0D00,	0x0101,
    0x0D02,	0x0101,
    0x0D06,	0x0000,
    0x0D08,	0x0000,
    0x0D0C,	0x0000,
    0x0D0E,	0x0000,
    0x0FF4,	0x4088,
    0xFCFC,	0x2000,
    0xC640,	0x0200,
    0xC644,	0x480C,
    0xCAB6,	0x0000,
    0xCC0C,	0x0200,
    0xCC10,	0x015A,
    0xCBAA,	0x5D00,
    0xCBB6,	0x00FF,
    0xC120,	0x0200,
    0xC122,	0x5588,
    0xC12A,	0x0000,
    0xC12C,	0x123D,
    0xC176,	0x0301,
    0xC134,	0x0201,
    0xC13A,	0x0000,
    0xC13C,	0x0001,
    0xC15A,	0x00FF,
    0x4708,	0x003E,
    0x471A,	0x0000,
    0x0F2C,	0x0001,
    0x0EC2,	0x0101,
    0x4864,	0x0101,
    0x48BE,	0x0101,
    0x5CF2,	0x4422,
    0x62E0,	0x0203,
    0x59EC,	0x0100,
    0x5A16,	0x0004,
    0x5A64,	0x013E,
    0x5CC6,	0x033F,
    0x5CCA,	0x0000,
    0x5CCE,	0x0000,
    0x5ABA,	0x0001,
    0x5ACA,	0x0000,
    0x5AC6,	0x0000,
    0x5AD6,	0x000A,
    0x5AD8,	0x0001,
    0x5ADA,	0x0000,
    0x5ADC,	0x0032,
    0x5AE2,	0x0028,
    0x5AE4,	0x0069,
    0x5AE6,	0x00AE,
    0x5AE8,	0x00EA,
    0x5AEA,	0x01C7,
    0x5AEC,	0x0283,
    0xC500,	0x0010,
    0xC504,	0x0800,
    0xC508,	0x0101,
    0xC60A,	0x0000,
    0xC60C,	0x0000,
    0xCBA8,	0x00DA,
    0xCBAE,	0x0000,
    0x0E70,	0x1000,
    0x6434,	0x0000,
    0x6436,	0x0B0A,
    0x643C,	0x0808,
    0x6446,	0x0006,
    0x8860,	0x0100,
    0x6430,	0x0010,
    0x6432,	0x000C,
    0xA884,	0x0019,
    0x8872,	0x0023,
    0x887C,	0x0019,
    0x887A,	0x0001,
    0x8870,	0x003F,
    0xA882,	0x0040,
    0xA888,	0x0000,
    0xA88A,	0x0001,
    0x887E,	0x0001,
    0x8876,	0xFFFF,
    0x8874,	0x0FFF,
    0x6460,	0xFFFD,
    0x6462,	0xFFFE,
    0x6464,	0xFFFB,
    0x6466,	0xFFFD,
    0x6468,	0xFFFC,
    0x646A,	0xFFFB,
    0x646C,	0xFFFA,
    0x646E,	0xFFFD,
    0x6470,	0xFFFC,
    0x6472,	0xFFFB,
    0x6474,	0xFFFB,
    0x6476,	0xFFFB,
    0x6478,	0xFFF8,
    0x647A,	0xFFF6,
    0x647C,	0xFFF4,
    0x647E,	0xFFE9,
    0x6480,	0x0001,
    0x6482,	0x0001,
    0x6484,	0x0003,
    0x6486,	0x0004,
    0x6488,	0x0004,
    0x648A,	0x0003,
    0x648C,	0x0003,
    0x648E,	0x0003,
    0x6490,	0x0002,
    0x6492,	0x0004,
    0x6494,	0x0002,
    0x6496,	0x0001,
    0x6498,	0xFFFF,
    0x649A,	0xFFFB,
    0x649C,	0xFFF5,
    0x649E,	0xFFED,
    0x64A0,	0x0000,
    0x64A2,	0x0003,
    0x64A4,	0x0004,
    0x64A6,	0x0006,
    0x64A8,	0x0007,
    0x64AA,	0x0006,
    0x64AC,	0x0008,
    0x64AE,	0x0008,
    0x64B0,	0x0008,
    0x64B2,	0x0006,
    0x64B4,	0x0007,
    0x64B6,	0x0003,
    0x64B8,	0x0002,
    0x64BA,	0xFFFC,
    0x64BC,	0xFFF6,
    0x64BE,	0xFFED,
    0x64C0,	0x0000,
    0x64C2,	0x0003,
    0x64C4,	0x0005,
    0x64C6,	0x0007,
    0x64C8,	0x0007,
    0x64CA,	0x0006,
    0x64CC,	0x0007,
    0x64CE,	0x0008,
    0x64D0,	0x0007,
    0x64D2,	0x0007,
    0x64D4,	0x0006,
    0x64D6,	0x0005,
    0x64D8,	0x0002,
    0x64DA,	0xFFFE,
    0x64DC,	0xFFF7,
    0x64DE,	0xFFE8,
    0x64E0,	0xFFFF,
    0x64E2,	0x0002,
    0x64E4,	0x0003,
    0x64E6,	0x0005,
    0x64E8,	0x0005,
    0x64EA,	0x0005,
    0x64EC,	0x0006,
    0x64EE,	0x0006,
    0x64F0,	0x0007,
    0x64F2,	0x0005,
    0x64F4,	0x0005,
    0x64F6,	0x0002,
    0x64F8,	0x0002,
    0x64FA,	0xFFFC,
    0x64FC,	0xFFF5,
    0x64FE,	0xFFE9,
    0x6500,	0xFFFE,
    0x6502,	0x0001,
    0x6504,	0x0002,
    0x6506,	0x0004,
    0x6508,	0x0005,
    0x650A,	0x0004,
    0x650C,	0x0006,
    0x650E,	0x0005,
    0x6510,	0x0005,
    0x6512,	0x0004,
    0x6514,	0x0004,
    0x6516,	0x0003,
    0x6518,	0x0000,
    0x651A,	0xFFFC,
    0x651C,	0xFFF4,
    0x651E,	0xFFE7,
    0x6520,	0xFFFD,
    0x6522,	0xFFFF,
    0x6524,	0x0001,
    0x6526,	0x0002,
    0x6528,	0x0002,
    0x652A,	0x0003,
    0x652C,	0x0004,
    0x652E,	0x0004,
    0x6530,	0x0004,
    0x6532,	0x0002,
    0x6534,	0x0002,
    0x6536,	0x0001,
    0x6538,	0x0000,
    0x653A,	0xFFFB,
    0x653C,	0xFFF4,
    0x653E,	0xFFE5,
    0x6540,	0xFFFC,
    0x6542,	0xFFFF,
    0x6544,	0x0000,
    0x6546,	0x0002,
    0x6548,	0x0002,
    0x654A,	0x0002,
    0x654C,	0x0003,
    0x654E,	0x0003,
    0x6550,	0x0004,
    0x6552,	0x0004,
    0x6554,	0x0002,
    0x6556,	0x0002,
    0x6558,	0xFFFF,
    0x655A,	0xFFFA,
    0x655C,	0xFFF3,
    0x655E,	0xFFE7,
    0x6560,	0xFFFA,
    0x6562,	0xFFFD,
    0x6564,	0xFFFF,
    0x6566,	0xFFFF,
    0x6568,	0x0001,
    0x656A,	0x0000,
    0x656C,	0x0001,
    0x656E,	0x0001,
    0x6570,	0x0003,
    0x6572,	0x0003,
    0x6574,	0x0001,
    0x6576,	0x0001,
    0x6578,	0xFFFE,
    0x657A,	0xFFFA,
    0x657C,	0xFFF3,
    0x657E,	0xFFE6,
    0x6580,	0xFFFC,
    0x6582,	0xFFFE,
    0x6584,	0x0000,
    0x6586,	0x0001,
    0x6588,	0x0002,
    0x658A,	0x0001,
    0x658C,	0x0003,
    0x658E,	0x0002,
    0x6590,	0x0005,
    0x6592,	0x0006,
    0x6594,	0x0004,
    0x6596,	0x0003,
    0x6598,	0x0001,
    0x659A,	0xFFFB,
    0x659C,	0xFFF4,
    0x659E,	0xFFE9,
    0x65A0,	0xFFF8,
    0x65A2,	0xFFFB,
    0x65A4,	0xFFFC,
    0x65A6,	0xFFFE,
    0x65A8,	0xFFFF,
    0x65AA,	0xFFFF,
    0x65AC,	0x0000,
    0x65AE,	0x0003,
    0x65B0,	0x0004,
    0x65B2,	0x0006,
    0x65B4,	0x0004,
    0x65B6,	0x0004,
    0x65B8,	0x0002,
    0x65BA,	0xFFFB,
    0x65BC,	0xFFF6,
    0x65BE,	0xFFEA,
    0x65C0,	0xFFF6,
    0x65C2,	0xFFF5,
    0x65C4,	0xFFF8,
    0x65C6,	0xFFF7,
    0x65C8,	0xFFFB,
    0x65CA,	0xFFFA,
    0x65CC,	0xFFFF,
    0x65CE,	0xFFFF,
    0x65D0,	0x0003,
    0x65D2,	0x0005,
    0x65D4,	0x0007,
    0x65D6,	0x0002,
    0x65D8,	0x0001,
    0x65DA,	0xFFFB,
    0x65DC,	0xFFF6,
    0x65DE,	0xFFEF,
    0x46C4,	0x0100,
    0x5BB4,	0x0502,
    0x5BC8,	0x090B,
    0x41E4,	0x0000,
    0x41EC,	0x0200,
    0x41F8,	0x0200,
    0x4394,	0x0000,
    0x4396,	0x0000,
    0x4398,	0x0000,
    0x439A,	0x0000,
    0x474C,	0x0201,
    0x474E,	0x0101,
    0x4784,	0x00B7,
    0x4786,	0x00F3,
    0x4788,	0x01DC,
    0x478A,	0x0218,
    0x48A6,	0x1008,
    0x48A8,	0x1010,
    0x0E1C,	0x0300,
    0x0E52,	0x0401,
    0x0E56,	0x0401,
    0x5A70,	0x0080,
    0x48EC,	0x0003,
    0x48EE,	0x0001,
    0x48F0,	0x0002,
    0x48F2,	0x000C,
    0x48F4,	0x0001,
    0x48F6,	0x0005,
    0x48F8,	0x0001,
    0x48FA,	0x0005,
    0x4900,	0x000A,
    0x4902,	0x000B,
    0x4904,	0x0003,
    0x4906,	0x0007,
    0x4908,	0x0003,
    0x490A,	0x000B,
    0x490C,	0x0003,
    0x4910,	0x0030,
    0x4912,	0x0030,
    0x491C,	0x0001,
    0x4920,	0x0001,
    0x4924,	0x0001,
    0x4926,	0x000B,
    0x4928,	0x0020,
    0x492A,	0x000A,
    0x4934,	0x0003,
    0x4938,	0x003C,
    0x493A,	0x003C,
    0x4950,	0x00D9,
    0x4952,	0x00D9,
    0x4954,	0x000C,
    0x4958,	0x0001,
    0x495C,	0x0001,
    0x4960,	0x0001,
    0x4964,	0x0001,
    0x4968,	0x000D,
    0x496C,	0x0001,
    0x4978,	0x0005,
    0x497C,	0x000A,
    0x4980,	0x0016,
    0x4982,	0x0007,
    0x498C,	0x0041,
    0x498E,	0x0064,
    0x49A0,	0x0002,
    0x49A4,	0x0002,
    0x49A8,	0x0001,
    0x49AA,	0x0005,
    0x49AC,	0x0001,
    0x49AE,	0x0000,
    0x49B8,	0x000A,
    0x49C0,	0x000A,
    0x49C8,	0x000A,
    0x49F4,	0x000F,
    0x49F6,	0x0010,
    0x49F8,	0x002F,
    0x49FA,	0x0032,
    0x4ADC,	0x001C,
    0x4ADE,	0x001A,
    0x4AE0,	0x0038,
    0x4AE2,	0x0050,
    0x4AE4,	0x00B6,
    0x4AE6,	0x0096,
    0x4C00,	0x0010,
    0x4C02,	0x0010,
    0x4C04,	0x0001,
    0x4C06,	0x0001,
    0x4C10,	0x0010,
    0x4C12,	0x0007,
    0x4C2C,	0x8119,
    0x4C34,	0x0007,
    0x4C3C,	0x0007,
    0x4C40,	0x0258,
    0x4C42,	0x04BC,
    0x4CB4,	0x811F,
    0x4CB8,	0x8003,
    0x4CBC,	0x80EE,
    0x4CC0,	0x0257,
    0x4D2C,	0x0003,
    0x50C8,	0x0294,
    0x50CA,	0x04C8,
    0x50D0,	0x0200,
    0x50D2,	0x0000,
    0x50DE,	0x0809,
    0x50E0,	0x0D0D,
    0x50E2,	0x0804,
    0x50E4,	0x0104,
    0x50FC,	0x001E,
    0x50FE,	0x0083,
    0x5100,	0xE48D,
    0x5102,	0xFFE7,
    0x5108,	0x0000,
    0x510A,	0x93E1,
    0x5136,	0x0100,
    0x515C,	0x0100,
    0x5336,	0x4662,
    0x533A,	0x0829,
    0x53E8,	0x1108,
    0x53EA,	0x0812,
    0x541C,	0x4000,
    0x541E,	0xF462,
    0x5420,	0x4000,
    0x5422,	0xF818,
    0x546E,	0x000C,
    0x5470,	0x0020,
    0x5472,	0x0020,
    0x5474,	0x0020,
    0x5476,	0x0020,
    0x5482,	0x000C,
    0x5484,	0x0020,
    0x5486,	0x002A,
    0x5488,	0x0030,
    0x548A,	0x0033,
    0x548C,	0x0015,
    0x548E,	0x0010,
    0x5490,	0x0000,
    0x5492,	0x0000,
    0x5494,	0x0000,
    0x54A0,	0x0014,
    0x54A2,	0x0014,
    0x54A4,	0x0014,
    0x54A6,	0x0014,
    0x54A8,	0x0014,
    0x54AA,	0x000B,
    0x54AC,	0x000B,
    0x54AE,	0x000B,
    0x54B0,	0x000B,
    0x54B2,	0x000B,
    0x54BE,	0x000B,
    0x54C0,	0x000B,
    0x54C2,	0x000B,
    0x54C4,	0x000B,
    0x54C6,	0x000B,
    0x54C8,	0x0000,
    0x54CA,	0x0000,
    0x54CC,	0x0000,
    0x54CE,	0x0000,
    0x54D0,	0x0000,
    0x54DC,	0x0000,
    0x54DE,	0x0000,
    0x54E0,	0x0000,
    0x54E2,	0x0000,
    0x54E4,	0x0000,
    0x54E6,	0x0000,
    0x54E8,	0x0000,
    0x54EA,	0x0000,
    0x54EC,	0x0000,
    0x54EE,	0x0000,
    0x54FA,	0x0000,
    0x54FC,	0x0000,
    0x54FE,	0x0000,
    0x5500,	0x0000,
    0x5502,	0x0000,
    0x5504,	0x00F0,
    0x5506,	0x00F0,
    0x5508,	0x00F0,
    0x550A,	0x00F0,
    0x550C,	0x00F0,
    0x5518,	0x00F0,
    0x551A,	0x00F0,
    0x551C,	0x00F0,
    0x551E,	0x00F0,
    0x5520,	0x00F0,
    0x5522,	0x004B,
    0x5524,	0x0055,
    0x5526,	0x0055,
    0x5528,	0x0055,
    0x552A,	0x0055,
    0x5536,	0x0055,
    0x5538,	0x0055,
    0x553A,	0x0055,
    0x553C,	0x0055,
    0x553E,	0x0055,
    0x5540,	0x2672,
    0x5542,	0x2672,
    0x5544,	0x2672,
    0x5546,	0x2672,
    0x5548,	0x2672,
    0x5554,	0x2672,
    0x5556,	0x2672,
    0x5558,	0x2672,
    0x555A,	0x2672,
    0x555C,	0x2672,
    0xCCA8,	0x0020,
    0xCCAA,	0x0020,
    0xCCC6,	0x0005,
    0xCCC8,	0x000F,
    0xCCCA,	0x0014,
    0xCCCC,	0x0019,
    0xCCCE,	0x0019,
    0xCCD0,	0x0005,
    0xCCD2,	0x000A,
    0xCCD4,	0x000F,
    0xCCD6,	0x0014,
    0xCCD8,	0x0014,
    0xCCF0,	0x0017,
    0xCCF2,	0x002F,
    0xCCF4,	0x004E,
    0xCCF8,	0x0005,
    0xCCFA,	0x003C,
    0xCD16,	0x0019,
    0xCD18,	0x001E,
    0xCD1A,	0x0023,
    0xCD1C,	0x0028,
    0xCD1E,	0x0028,
    0xCD20,	0x0014,
    0xCD22,	0x0019,
    0xCD24,	0x001E,
    0xCD26,	0x0023,
    0xCD28,	0x0023,
    0xB9BC,	0x0100,
    0xBB96,	0x0001,
    0xBB9A,	0x0001,
    0xBBA6,	0x0001,
    0xBBAA,	0x0001,
    0xBBD6,	0x0008,
    0xBBD8,	0x0000,
    0xBBDA,	0x0006,
    0xBBDC,	0x0000,
    0xBBDE,	0x0000,
    0xBBE0,	0x0000,
    0xBBE2,	0x0000,
    0xBBE4,	0x0000,
    0xBBE6,	0x0006,
    0xBBE8,	0x0000,
    0xBBEA,	0x0008,
    0xBBEC,	0x0000,
    0xBBEE,	0x0000,
    0xBBF0,	0x0000,
    0xBBF2,	0x0000,
    0xBBF4,	0x0000,
    0xBBF6,	0x0000,
    0xBBFA,	0x0000,
    0xBC06,	0x0000,
    0xBC0A,	0x0000,
    0xBC58,	0x0002,
    0xBC5A,	0x0000,
    0xBC5C,	0x0000,
    0xBC5E,	0x0000,
    0xBC60,	0x0000,
    0xBC62,	0x0000,
    0xBC64,	0x0000,
    0xBC66,	0x0000,
    0xBC68,	0x0000,
    0xBC6A,	0x0000,
    0xBC6C,	0x0000,
    0xBC6E,	0x0000,
    0xBC70,	0x0000,
    0xBC72,	0x0000,
    0xBC74,	0x0000,
    0xBC76,	0x0000,
    0xBA44,	0x0000,
    0xBA46,	0x017F,
    0xBA48,	0x03FF,
    0xBA4A,	0x1010,
    0xBA4C,	0x1000,
    0xBA4E,	0x0400,
    0xBA50,	0x4000,
    0xBA52,	0x1000,
    0xBA54,	0x0FF0,
    0xBA6E,	0x017F,
    0xBA70,	0x03FF,
    0xBA72,	0x1020,
    0xBA74,	0x1060,
    0xBA76,	0x0400,
    0xBA78,	0x4000,
    0xBA7A,	0x1020,
    0xBA7C,	0x1020,
    0xBA96,	0x017F,
    0xBA98,	0x03FF,
    0xBA9A,	0x1030,
    0xBA9C,	0x1050,
    0xBA9E,	0x0400,
    0xBAA0,	0x4000,
    0xBAA2,	0x1020,
    0xBAA4,	0x1020,
    0xBABE,	0x017F,
    0xBAC0,	0x03FF,
    0xBAC2,	0x1010,
    0xBAC4,	0x1000,
    0xBAC6,	0x0400,
    0xBAC8,	0x4000,
    0xBACA,	0x1000,
    0xBACC,	0x0FF0,
    0xBAE6,	0x0000,
    0xBAE8,	0x0000,
    0xBAEA,	0x0000,
    0xBAEC,	0x0000,
    0xBAEE,	0x0000,
    0xBAF0,	0x0000,
    0xBAF2,	0x0000,
    0xBAF4,	0x0000,
    0xBB0E,	0x0000,
    0xBB10,	0x0000,
    0xBB12,	0x0000,
    0xBB14,	0x0000,
    0xBB16,	0x0000,
    0xBB18,	0x0000,
    0xBB1A,	0x0000,
    0xBB1C,	0x0000,
    0xBB36,	0x0000,
    0xBB38,	0x0000,
    0xBB3A,	0x0000,
    0xBB3C,	0x0000,
    0xBB3E,	0x0000,
    0xBB40,	0x0000,
    0xBB42,	0x0000,
    0xBB44,	0x0000,
    0xBB5E,	0x0000,
    0xBB60,	0x0000,
    0xBB62,	0x0000,
    0xBB64,	0x0000,
    0xBB66,	0x0000,
    0xBB68,	0x0000,
    0xBB6A,	0x0000,
    0xBB6C,	0x0000,
    0xCE9A,	0x0200,
    0xCEA2,	0x0006,
    0xCEB0,	0x0080,
    0xCEE4,	0x0040,
    0xCEEC,	0x0006,
    0xCEEE,	0x0100,
    0xCEF8,	0x03E8,
    0xCEFA,	0x0080,
    0xCEFC,	0x0080,
    0xCEFE,	0x03E8,
    0xCF00,	0x0080,
    0xCF02,	0x0080,
    0xCF04,	0x0100,
    0xCF08,	0x0040,
    0xA8B0,	0x0440,
    0xA8B6,	0x0000,
    0xA8B8,	0x0101,
    0xA8BE,	0x0000,
    0xA8C0,	0x0000,
    0xA8C2,	0x0000,
    0xA8C4,	0x0000,
    0xA8D6,	0x0000,
    0xA8D8,	0x0000,
    0xA8DA,	0x0000,
    0xA8DC,	0x0000,
    0xA8DE,	0x0000,
    0xA8E0,	0x0000,
    0xA8E2,	0x0000,
    0xA8E4,	0x0000,
    0xA8E6,	0x0000,
    0xA8E8,	0x0000,
    0xA8EA,	0x0000,
    0xA8EC,	0x0000,
    0xA8EE,	0x0000,
    0xA8F0,	0x0000,
    0xA8F2,	0x0000,
    0xA8F4,	0x0000,
    0xA8F6,	0x0000,
    0xA8F8,	0x0000,
    0xA8FA,	0x0000,
    0xA8FC,	0x0000,
    0xA8FE,	0x0000,
    0xA900,	0x0000,
    0xA902,	0x0000,
    0xA904,	0x0000,
    0xA906,	0x0000,
    0xA908,	0x0000,
    0xA90A,	0x0000,
    0xA90C,	0x0000,
    0xA90E,	0x0000,
    0xA910,	0x0000,
    0xA912,	0x0000,
    0xA914,	0x0000,
    0xA916,	0x0000,
    0xA918,	0x0000,
    0xA91A,	0x0000,
    0xA91C,	0x0000,
    0xA91E,	0x0000,
    0xA920,	0x0000,
    0xA922,	0x0000,
    0xA924,	0x0000,
    0xA926,	0x0000,
    0xA928,	0x0000,
    0xA92A,	0x0000,
    0xA92C,	0x0000,
    0xA92E,	0x0000,
    0xA930,	0x0000,
    0xA932,	0x0000,
    0xA934,	0x0000,
    0xA936,	0x0000,
    0xA938,	0x0000,
    0xA93A,	0x0000,
    0xA93C,	0x0000,
    0xA93E,	0x0000,
    0xA940,	0x0000,
    0xA942,	0x0000,
    0xA944,	0x0000,
    0xA946,	0x0000,
    0xA948,	0x0000,
    0xA94A,	0x0000,
    0xA94C,	0x0000,
    0xA94E,	0x0000,
    0xA950,	0x0000,
    0xA952,	0x0000,
    0xA954,	0x0000,
    0xA956,	0x0000,
    0xA958,	0x0000,
    0xA95A,	0x0000,
    0xA95C,	0x0000,
    0xA95E,	0x0000,
    0xA960,	0x0000,
    0xA962,	0x0000,
    0xA964,	0x0000,
    0xA966,	0x0000,
    0xA968,	0x0000,
    0xA96A,	0x0000,
    0xA96C,	0x0000,
    0xA96E,	0x0000,
    0xA970,	0x0000,
    0xA972,	0x0000,
    0xA974,	0x0000,
    0xA976,	0x0000,
    0xAA6A,	0x0000,
    0xAA6C,	0x0000,
    0xAA6E,	0x0000,
    0xAABE,	0x0000,
    0xAAC0,	0x0000,
    0xAAC2,	0x0000,
    0xFCFC,	0x2001,
    0xE300,	0x0101,
    0xE30E,	0x0100,
    0xFCFC,	0x4000,
    0xF848,	0x01FF,
    0xF87E,	0x011B,
    0xF976,	0x0618,
    0xF978,	0x0500,
    0xFA3C,	0x0000,
    0xFA3E,	0x0000,
    0x081E,	0x1000,
};
static u16 s5kgn9sp_slim_video_setting[] = {
    0xFCFC,	0x2000,
    0x0EDC,	0x0000,
    0x0EDE,	0x0000,
    0xFCFC,	0x4000,
    0x0B30,	0x01FF,
    0xFCFC,	0x4000,
    0xA102,	0x0B02,
    0x0344,	0x0000,
    0x0346,	0x0010,
    0x0348,	0x1FFF,
    0x034A,	0x180F,
    0x034C,	0x07F8,
    0x034E,	0x0600,
    0x0340,	0x0C00,
    0x0342,	0x0B00,
    0x0900,	0x3344,
    0x0380,	0x0002,
    0x0382,	0x0006,
    0x0384,	0x0002,
    0x0386,	0x0006,
    0x0350,	0x0004,
    0x0352,	0x0000,
    0x0136,	0x1800,
    0x013E,	0x0000,
    0x0304,	0x0003,
    0x0306,	0x0082,
    0x030C,	0x0000,
    0x030E,	0x0003,
    0x0310,	0x0079,
    0x0312,	0x0000,
    0x0B08,	0x0000,
    0x0BCA,	0x0101,
    0x0BCC,	0x0100,
    0x0202,	0x0004,
    0x0226,	0x0100,
    0x0702,	0x0000,
    0x0704,	0x0000,
    0x0204,	0x0020,
    0x0206,	0x0020,
    0x0112,	0x0A0A,
    0x0114,	0x0301,
    0x0118,	0x0004,
    0x011A,	0x0001,
    0x011C,	0x0101,
    0x021E,	0x0000,
    0x0228,	0x0100,
    0x0260,	0x0002,
    0x0262,	0x0300,
    0x0264,	0x0104,
    0x0266,	0x0500,
    0x0274,	0x2B2B,
    0x0D00,	0x0101,
    0x0D02,	0x0101,
    0x0D06,	0x0000,
    0x0D08,	0x0000,
    0x0D0C,	0x0000,
    0x0D0E,	0x0000,
    0x0FF4,	0x4088,
    0xFCFC,	0x2000,
    0xC640,	0x0200,
    0xC644,	0x480C,
    0xCAB6,	0x0000,
    0xCC0C,	0x0200,
    0xCC10,	0x015A,
    0xCBAA,	0x5B00,
    0xCBB6,	0x00FF,
    0xC120,	0x0200,
    0xC122,	0x5588,
    0xC12A,	0x0000,
    0xC12C,	0x123D,
    0xC176,	0x0301,
    0xC134,	0x0201,
    0xC13A,	0x0000,
    0xC13C,	0x0001,
    0xC15A,	0x00FF,
    0x4708,	0x000F,
    0x471A,	0x0000,
    0x0F2C,	0x0001,
    0x0EC2,	0x0101,
    0x4864,	0x0102,
    0x48BE,	0x0001,
    0x5CF2,	0x4422,
    0x62E0,	0x0204,
    0x59EC,	0x0000,
    0x5A16,	0x0001,
    0x5A64,	0x011E,
    0x5CC6,	0x033F,
    0x5CCA,	0x0000,
    0x5CCE,	0x0000,
    0x5ABA,	0x0001,
    0x5ACA,	0x0000,
    0x5AC6,	0x0000,
    0x5AD6,	0x000D,
    0x5AD8,	0x0000,
    0x5ADA,	0x0000,
    0x5ADC,	0x0001,
    0x5AE2,	0x0028,
    0x5AE4,	0x003C,
    0x5AE6,	0x00A8,
    0x5AE8,	0x00E0,
    0x5AEA,	0x01BC,
    0x5AEC,	0x027C,
    0xC500,	0x0008,
    0xC504,	0x0400,
    0xC508,	0x0201,
    0xC60A,	0x0104,
    0xC60C,	0x0400,
    0xCBA8,	0x00FA,
    0xCBAE,	0x0001,
    0x0E70,	0x1000,
    0x6434,	0x0000,
    0x6436,	0x0B0A,
    0x643C,	0x0707,
    0x6446,	0x0006,
    0x8860,	0x0100,
    0x6430,	0x0010,
    0x6432,	0x000C,
    0xA884,	0x0019,
    0x8872,	0x0023,
    0x887C,	0x0019,
    0x887A,	0x0001,
    0x8870,	0x000F,
    0xA882,	0x0010,
    0xA888,	0x0000,
    0xA88A,	0x0001,
    0x887E,	0x0001,
    0x8876,	0xFFFF,
    0x8874,	0x0FFF,
    0x6460,	0xFFFD,
    0x6462,	0x0003,
    0x6464,	0x0002,
    0x6466,	0x0003,
    0x6468,	0x0000,
    0x646A,	0x0000,
    0x646C,	0x0001,
    0x646E,	0x0000,
    0x6470,	0x0000,
    0x6472,	0x0001,
    0x6474,	0xFFFF,
    0x6476,	0xFFFF,
    0x6478,	0xFFFB,
    0x647A,	0xFFF8,
    0x647C,	0xFFF0,
    0x647E,	0xFFEF,
    0x6480,	0xFFFD,
    0x6482,	0x0000,
    0x6484,	0x0002,
    0x6486,	0x0001,
    0x6488,	0xFFFF,
    0x648A,	0x0000,
    0x648C,	0xFFFF,
    0x648E,	0x0003,
    0x6490,	0x0001,
    0x6492,	0x0000,
    0x6494,	0xFFFF,
    0x6496,	0xFFFC,
    0x6498,	0xFFFA,
    0x649A,	0xFFF4,
    0x649C,	0xFFF3,
    0x649E,	0xFFE7,
    0x64A0,	0xFFFD,
    0x64A2,	0xFFFF,
    0x64A4,	0x0001,
    0x64A6,	0x0002,
    0x64A8,	0x0001,
    0x64AA,	0x0000,
    0x64AC,	0x0002,
    0x64AE,	0x0000,
    0x64B0,	0xFFFE,
    0x64B2,	0x0002,
    0x64B4,	0xFFFE,
    0x64B6,	0xFFFE,
    0x64B8,	0xFFFC,
    0x64BA,	0xFFF6,
    0x64BC,	0xFFF1,
    0x64BE,	0xFFE3,
    0x64C0,	0xFFFD,
    0x64C2,	0x0003,
    0x64C4,	0x0004,
    0x64C6,	0x0005,
    0x64C8,	0x0003,
    0x64CA,	0xFFFF,
    0x64CC,	0x0002,
    0x64CE,	0x0002,
    0x64D0,	0x0004,
    0x64D2,	0x0002,
    0x64D4,	0x0001,
    0x64D6,	0xFFFE,
    0x64D8,	0xFFFE,
    0x64DA,	0xFFF9,
    0x64DC,	0xFFF1,
    0x64DE,	0xFFE3,
    0x64E0,	0xFFFF,
    0x64E2,	0x0003,
    0x64E4,	0x0004,
    0x64E6,	0x0004,
    0x64E8,	0x0004,
    0x64EA,	0x0004,
    0x64EC,	0x0002,
    0x64EE,	0x0006,
    0x64F0,	0x0002,
    0x64F2,	0x0003,
    0x64F4,	0x0003,
    0x64F6,	0xFFFE,
    0x64F8,	0xFFFE,
    0x64FA,	0xFFF7,
    0x64FC,	0xFFF3,
    0x64FE,	0xFFE6,
    0x6500,	0xFFFE,
    0x6502,	0x0004,
    0x6504,	0x0004,
    0x6506,	0x0005,
    0x6508,	0x0005,
    0x650A,	0x0003,
    0x650C,	0x0006,
    0x650E,	0x0003,
    0x6510,	0x0006,
    0x6512,	0x0000,
    0x6514,	0x0003,
    0x6516,	0x0000,
    0x6518,	0xFFFB,
    0x651A,	0xFFFA,
    0x651C,	0xFFF2,
    0x651E,	0xFFE4,
    0x6520,	0x0002,
    0x6522,	0x0005,
    0x6524,	0x0007,
    0x6526,	0x0006,
    0x6528,	0x0003,
    0x652A,	0x0006,
    0x652C,	0x0004,
    0x652E,	0x0005,
    0x6530,	0x0005,
    0x6532,	0x0004,
    0x6534,	0x0002,
    0x6536,	0x0000,
    0x6538,	0x0001,
    0x653A,	0xFFFA,
    0x653C,	0xFFF3,
    0x653E,	0xFFE7,
    0x6540,	0x0002,
    0x6542,	0x0006,
    0x6544,	0x0007,
    0x6546,	0x0006,
    0x6548,	0x0006,
    0x654A,	0x0005,
    0x654C,	0x0007,
    0x654E,	0x0006,
    0x6550,	0x0007,
    0x6552,	0x0005,
    0x6554,	0x0005,
    0x6556,	0x0002,
    0x6558,	0xFFFD,
    0x655A,	0xFFF9,
    0x655C,	0xFFF6,
    0x655E,	0xFFE8,
    0x6560,	0x0002,
    0x6562,	0x0003,
    0x6564,	0x0007,
    0x6566,	0x0006,
    0x6568,	0x0004,
    0x656A,	0x0004,
    0x656C,	0x0006,
    0x656E,	0x0004,
    0x6570,	0x0005,
    0x6572,	0x0005,
    0x6574,	0x0003,
    0x6576,	0x0000,
    0x6578,	0xFFFF,
    0x657A,	0xFFFC,
    0x657C,	0xFFF4,
    0x657E,	0xFFE8,
    0x6580,	0x0000,
    0x6582,	0x0004,
    0x6584,	0x0007,
    0x6586,	0x0005,
    0x6588,	0x0004,
    0x658A,	0x0005,
    0x658C,	0x0007,
    0x658E,	0x0006,
    0x6590,	0x0006,
    0x6592,	0x0005,
    0x6594,	0x0002,
    0x6596,	0x0002,
    0x6598,	0xFFFF,
    0x659A,	0xFFFA,
    0x659C,	0xFFF3,
    0x659E,	0xFFE8,
    0x65A0,	0x0001,
    0x65A2,	0x0005,
    0x65A4,	0x0006,
    0x65A6,	0x0005,
    0x65A8,	0x0004,
    0x65AA,	0x0002,
    0x65AC,	0x0004,
    0x65AE,	0x0002,
    0x65B0,	0x0005,
    0x65B2,	0x0004,
    0x65B4,	0x0004,
    0x65B6,	0x0000,
    0x65B8,	0x0001,
    0x65BA,	0xFFF8,
    0x65BC,	0xFFF7,
    0x65BE,	0xFFE6,
    0x65C0,	0x0004,
    0x65C2,	0x0004,
    0x65C4,	0x000C,
    0x65C6,	0x0007,
    0x65C8,	0x0005,
    0x65CA,	0x0001,
    0x65CC,	0x0005,
    0x65CE,	0x0004,
    0x65D0,	0x0008,
    0x65D2,	0x0005,
    0x65D4,	0x0003,
    0x65D6,	0x0001,
    0x65D8,	0x0001,
    0x65DA,	0xFFFC,
    0x65DC,	0xFFF6,
    0x65DE,	0xFFEA,
    0x46C4,	0x0100,
    0x5BB4,	0x0502,
    0x5BC8,	0x090B,
    0x41E4,	0x0000,
    0x41EC,	0x0200,
    0x41F8,	0x0200,
    0x4394,	0x0000,
    0x4396,	0x0000,
    0x4398,	0x0000,
    0x439A,	0x0000,
    0x474C,	0x0201,
    0x474E,	0x0101,
    0x4784,	0x0000,
    0x4786,	0x0000,
    0x4788,	0x0000,
    0x478A,	0x0000,
    0x48A6,	0x1008,
    0x48A8,	0x1010,
    0x0E1C,	0x0300,
    0x0E52,	0x0401,
    0x0E56,	0x0401,
    0x5A70,	0x0080,
    0x48EC,	0x0001,
    0x48EE,	0x0001,
    0x48F0,	0x0000,
    0x48F2,	0x000C,
    0x48F4,	0x0001,
    0x48F6,	0x0005,
    0x48F8,	0x0001,
    0x48FA,	0x0005,
    0x4900,	0x0005,
    0x4902,	0x000B,
    0x4904,	0x0008,
    0x4906,	0x0007,
    0x4908,	0x0005,
    0x490A,	0x000B,
    0x490C,	0x0003,
    0x4910,	0x0041,
    0x4912,	0x0041,
    0x491C,	0x0003,
    0x4920,	0x0003,
    0x4924,	0x0001,
    0x4926,	0x000B,
    0x4928,	0x000F,
    0x492A,	0x000A,
    0x4934,	0x0003,
    0x4938,	0x003C,
    0x493A,	0x003C,
    0x4950,	0x00D9,
    0x4952,	0x00D9,
    0x4954,	0x000C,
    0x4958,	0x000B,
    0x495C,	0x0003,
    0x4960,	0x0001,
    0x4964,	0x0001,
    0x4968,	0x000A,
    0x496C,	0x000C,
    0x4978,	0x0008,
    0x497C,	0x0008,
    0x4980,	0x002D,
    0x4982,	0x0007,
    0x498C,	0x0041,
    0x498E,	0x0064,
    0x49A0,	0x0001,
    0x49A4,	0x0004,
    0x49A8,	0x0001,
    0x49AA,	0x0005,
    0x49AC,	0x0001,
    0x49AE,	0x0005,
    0x49B8,	0x000A,
    0x49C0,	0x000A,
    0x49C8,	0x000A,
    0x49F4,	0x000F,
    0x49F6,	0x0010,
    0x49F8,	0x002F,
    0x49FA,	0x0032,
    0x4ADC,	0x001B,
    0x4ADE,	0x001A,
    0x4AE0,	0x002F,
    0x4AE2,	0x0050,
    0x4AE4,	0x00A5,
    0x4AE6,	0x0096,
    0x4C00,	0x0012,
    0x4C02,	0x0012,
    0x4C04,	0x0001,
    0x4C06,	0x0001,
    0x4C10,	0x0009,
    0x4C12,	0x0009,
    0x4C2C,	0x8120,
    0x4C34,	0x0007,
    0x4C3C,	0x0007,
    0x4C40,	0x0258,
    0x4C42,	0x04BC,
    0x4CB4,	0x0001,
    0x4CB8,	0x00CF,
    0x4CBC,	0x011A,
    0x4CC0,	0x0257,
    0x4D2C,	0x8050,
    0x50C8,	0x02C0,
    0x50CA,	0x04C8,
    0x50D0,	0x0200,
    0x50D2,	0x0000,
    0x50DE,	0x0909,
    0x50E0,	0x0D0D,
    0x50E2,	0x0404,
    0x50E4,	0x0404,
    0x50FC,	0x001E,
    0x50FE,	0x0083,
    0x5100,	0xE48D,
    0x5102,	0xFF67,
    0x5108,	0x0000,
    0x510A,	0x90C1,
    0x5136,	0x0000,
    0x515C,	0x0000,
    0x5336,	0x6672,
    0x533A,	0x0029,
    0x53E8,	0x1108,
    0x53EA,	0x0812,
    0x541C,	0x4000,
    0x541E,	0xF462,
    0x5420,	0x4000,
    0x5422,	0xF818,
    0x546E,	0x0007,
    0x5470,	0x0019,
    0x5472,	0x0023,
    0x5474,	0x002A,
    0x5476,	0x002E,
    0x5482,	0x000C,
    0x5484,	0x000C,
    0x5486,	0x000C,
    0x5488,	0x000C,
    0x548A,	0x000C,
    0x548C,	0x0014,
    0x548E,	0x0012,
    0x5490,	0x000F,
    0x5492,	0x000F,
    0x5494,	0x000F,
    0x54A0,	0x0000,
    0x54A2,	0x0000,
    0x54A4,	0x0000,
    0x54A6,	0x0000,
    0x54A8,	0x0000,
    0x54AA,	0x000C,
    0x54AC,	0x000C,
    0x54AE,	0x000C,
    0x54B0,	0x000C,
    0x54B2,	0x000C,
    0x54BE,	0x000C,
    0x54C0,	0x000C,
    0x54C2,	0x000C,
    0x54C4,	0x000C,
    0x54C6,	0x000C,
    0x54C8,	0x0000,
    0x54CA,	0x0000,
    0x54CC,	0x0000,
    0x54CE,	0x0000,
    0x54D0,	0x0000,
    0x54DC,	0x0000,
    0x54DE,	0x0000,
    0x54E0,	0x0000,
    0x54E2,	0x0000,
    0x54E4,	0x0000,
    0x54E6,	0x0000,
    0x54E8,	0x0000,
    0x54EA,	0x0000,
    0x54EC,	0x0000,
    0x54EE,	0x0000,
    0x54FA,	0x0000,
    0x54FC,	0x0000,
    0x54FE,	0x0000,
    0x5500,	0x0000,
    0x5502,	0x0000,
    0x5504,	0x0025,
    0x5506,	0x0025,
    0x5508,	0x0025,
    0x550A,	0x0025,
    0x550C,	0x0025,
    0x5518,	0x003F,
    0x551A,	0x003F,
    0x551C,	0x003F,
    0x551E,	0x003F,
    0x5520,	0x003F,
    0x5522,	0x006E,
    0x5524,	0x006E,
    0x5526,	0x006E,
    0x5528,	0x006E,
    0x552A,	0x006E,
    0x5536,	0x006E,
    0x5538,	0x006E,
    0x553A,	0x006E,
    0x553C,	0x006E,
    0x553E,	0x006E,
    0x5540,	0x6672,
    0x5542,	0x6672,
    0x5544,	0x6672,
    0x5546,	0x6672,
    0x5548,	0x6672,
    0x5554,	0x6672,
    0x5556,	0x6672,
    0x5558,	0x6672,
    0x555A,	0x6672,
    0x555C,	0x6672,
    0xCCA8,	0x0005,
    0xCCAA,	0x003C,
    0xCCC6,	0x0019,
    0xCCC8,	0x001E,
    0xCCCA,	0x0023,
    0xCCCC,	0x0028,
    0xCCCE,	0x0028,
    0xCCD0,	0x0014,
    0xCCD2,	0x0019,
    0xCCD4,	0x001E,
    0xCCD6,	0x0023,
    0xCCD8,	0x0023,
    0xCCF0,	0x002E,
    0xCCF2,	0x0023,
    0xCCF4,	0x0041,
    0xCCF8,	0x0020,
    0xCCFA,	0x0020,
    0xCD16,	0x0005,
    0xCD18,	0x000F,
    0xCD1A,	0x0014,
    0xCD1C,	0x0019,
    0xCD1E,	0x0019,
    0xCD20,	0x0005,
    0xCD22,	0x000A,
    0xCD24,	0x000F,
    0xCD26,	0x0014,
    0xCD28,	0x0014,
    0xB9BC,	0x0100,
    0xBB96,	0x0002,
    0xBB9A,	0x0002,
    0xBBA6,	0x0001,
    0xBBAA,	0x0001,
    0xBBD6,	0xFFFE,
    0xBBD8,	0x0000,
    0xBBDA,	0xFFFC,
    0xBBDC,	0x0000,
    0xBBDE,	0x0000,
    0xBBE0,	0x0000,
    0xBBE2,	0x0000,
    0xBBE4,	0x0000,
    0xBBE6,	0xFFFD,
    0xBBE8,	0x0000,
    0xBBEA,	0xFFFF,
    0xBBEC,	0x0000,
    0xBBEE,	0x0000,
    0xBBF0,	0x0000,
    0xBBF2,	0x0000,
    0xBBF4,	0x0000,
    0xBBF6,	0x0000,
    0xBBFA,	0x0000,
    0xBC06,	0x0000,
    0xBC0A,	0x0000,
    0xBC58,	0x0000,
    0xBC5A,	0x0000,
    0xBC5C,	0x0000,
    0xBC5E,	0x0000,
    0xBC60,	0x0000,
    0xBC62,	0x0000,
    0xBC64,	0x0000,
    0xBC66,	0x0000,
    0xBC68,	0x0000,
    0xBC6A,	0x0000,
    0xBC6C,	0x0000,
    0xBC6E,	0x0000,
    0xBC70,	0x0000,
    0xBC72,	0x0000,
    0xBC74,	0x0000,
    0xBC76,	0x0000,
    0xBA44,	0x0000,
    0xBA46,	0x0100,
    0xBA48,	0x1000,
    0xBA4A,	0x1000,
    0xBA4C,	0x0FE2,
    0xBA4E,	0x0000,
    0xBA50,	0x0000,
    0xBA52,	0x0000,
    0xBA54,	0x0000,
    0xBA6E,	0x0100,
    0xBA70,	0x1000,
    0xBA72,	0x1000,
    0xBA74,	0x1000,
    0xBA76,	0x0000,
    0xBA78,	0x0000,
    0xBA7A,	0x0000,
    0xBA7C,	0x0000,
    0xBA96,	0x0100,
    0xBA98,	0x1000,
    0xBA9A,	0x1000,
    0xBA9C,	0x1000,
    0xBA9E,	0x0000,
    0xBAA0,	0x0000,
    0xBAA2,	0x0000,
    0xBAA4,	0x0000,
    0xBABE,	0x0100,
    0xBAC0,	0x1000,
    0xBAC2,	0x1000,
    0xBAC4,	0x0FE2,
    0xBAC6,	0x0000,
    0xBAC8,	0x0000,
    0xBACA,	0x0000,
    0xBACC,	0x0000,
    0xBAE6,	0x0000,
    0xBAE8,	0x0000,
    0xBAEA,	0x0000,
    0xBAEC,	0x0000,
    0xBAEE,	0x0000,
    0xBAF0,	0x0000,
    0xBAF2,	0x0000,
    0xBAF4,	0x0000,
    0xBB0E,	0x0000,
    0xBB10,	0x0000,
    0xBB12,	0x0000,
    0xBB14,	0x0000,
    0xBB16,	0x0000,
    0xBB18,	0x0000,
    0xBB1A,	0x0000,
    0xBB1C,	0x0000,
    0xBB36,	0x0000,
    0xBB38,	0x0000,
    0xBB3A,	0x0000,
    0xBB3C,	0x0000,
    0xBB3E,	0x0000,
    0xBB40,	0x0000,
    0xBB42,	0x0000,
    0xBB44,	0x0000,
    0xBB5E,	0x0000,
    0xBB60,	0x0000,
    0xBB62,	0x0000,
    0xBB64,	0x0000,
    0xBB66,	0x0000,
    0xBB68,	0x0000,
    0xBB6A,	0x0000,
    0xBB6C,	0x0000,
    0xCE9A,	0x0200,
    0xCEA2,	0x0006,
    0xCEB0,	0x0000,
    0xCEE4,	0x0040,
    0xCEEC,	0x0006,
    0xCEEE,	0x0100,
    0xCEF8,	0x03E8,
    0xCEFA,	0x0080,
    0xCEFC,	0x0080,
    0xCEFE,	0x03E8,
    0xCF00,	0x0080,
    0xCF02,	0x0080,
    0xCF04,	0x0100,
    0xCF08,	0x0040,
    0xA8B0,	0x0440,
    0xA8B6,	0x0000,
    0xA8B8,	0x0101,
    0xA8BE,	0x0000,
    0xA8C0,	0x0000,
    0xA8C2,	0x0000,
    0xA8C4,	0x0000,
    0xA8D6,	0x0000,
    0xA8D8,	0x0000,
    0xA8DA,	0x0000,
    0xA8DC,	0x0000,
    0xA8DE,	0x0000,
    0xA8E0,	0x0000,
    0xA8E2,	0x0000,
    0xA8E4,	0x0000,
    0xA8E6,	0x0000,
    0xA8E8,	0x0000,
    0xA8EA,	0x0000,
    0xA8EC,	0x0000,
    0xA8EE,	0x0000,
    0xA8F0,	0x0000,
    0xA8F2,	0x0000,
    0xA8F4,	0x0000,
    0xA8F6,	0x0000,
    0xA8F8,	0x0000,
    0xA8FA,	0x0000,
    0xA8FC,	0x0000,
    0xA8FE,	0x0000,
    0xA900,	0x0000,
    0xA902,	0x0000,
    0xA904,	0x0000,
    0xA906,	0x0000,
    0xA908,	0x0000,
    0xA90A,	0x0000,
    0xA90C,	0x0000,
    0xA90E,	0x0000,
    0xA910,	0x0000,
    0xA912,	0x0000,
    0xA914,	0x0000,
    0xA916,	0x0000,
    0xA918,	0x0000,
    0xA91A,	0x0000,
    0xA91C,	0x0000,
    0xA91E,	0x0000,
    0xA920,	0x0000,
    0xA922,	0x0000,
    0xA924,	0x0000,
    0xA926,	0x0000,
    0xA928,	0x0000,
    0xA92A,	0x0000,
    0xA92C,	0x0000,
    0xA92E,	0x0000,
    0xA930,	0x0000,
    0xA932,	0x0000,
    0xA934,	0x0000,
    0xA936,	0x0000,
    0xA938,	0x0000,
    0xA93A,	0x0000,
    0xA93C,	0x0000,
    0xA93E,	0x0000,
    0xA940,	0x0000,
    0xA942,	0x0000,
    0xA944,	0x0000,
    0xA946,	0x0000,
    0xA948,	0x0000,
    0xA94A,	0x0000,
    0xA94C,	0x0000,
    0xA94E,	0x0000,
    0xA950,	0x0000,
    0xA952,	0x0000,
    0xA954,	0x0000,
    0xA956,	0x0000,
    0xA958,	0x0000,
    0xA95A,	0x0000,
    0xA95C,	0x0000,
    0xA95E,	0x0000,
    0xA960,	0x0000,
    0xA962,	0x0000,
    0xA964,	0x0000,
    0xA966,	0x0000,
    0xA968,	0x0000,
    0xA96A,	0x0000,
    0xA96C,	0x0000,
    0xA96E,	0x0000,
    0xA970,	0x0000,
    0xA972,	0x0000,
    0xA974,	0x0000,
    0xA976,	0x0000,
    0xAA6A,	0x0000,
    0xAA6C,	0x0000,
    0xAA6E,	0x0000,
    0xAABE,	0x0000,
    0xAAC0,	0x0000,
    0xAAC2,	0x0000,
    0xFCFC,	0x2001,
    0xE300,	0x0101,
    0xE30E,	0x0100,
    0xFCFC,	0x4000,
    0xF848,	0x01FF,
    0xF87E,	0x0114,
    0xF976,	0x0618,
    0xF978,	0x0005,
    0xFA3C,	0x0000,
    0xFA3E,	0x0000,
    0x081E,	0x1000,
};

static u16 s5kgn9sp_custom1_setting[] = {
    0xFCFC,	0x2000,
    0x0EDC,	0x0000,
    0x0EDE,	0x0000,
    0xFCFC,	0x4000,
    0x0B30,	0x01FF,
    0xFCFC,	0x4000,
    0xA102,	0x0B02,
    0x0344,	0x0010,
    0x0346,	0x0010,
    0x0348,	0x1FEF,
    0x034A,	0x180F,
    0x034C,	0x1FE0,
    0x034E,	0x1800,
    0x0340,	0x18BC,
    0x0342,	0x2AC0,
    0x0900,	0x0011,
    0x0380,	0x0001,
    0x0382,	0x0001,
    0x0384,	0x0001,
    0x0386,	0x0001,
    0x0350,	0x0000,
    0x0352,	0x0000,
    0x0136,	0x1800,
    0x013E,	0x0000,
    0x0304,	0x0003,
    0x0306,	0x0082,
    0x030C,	0x0000,
    0x030E,	0x0003,
    0x0310,	0x005D,
    0x0312,	0x0000,
    0x0B08,	0x0000,
    0x0BCA,	0x0101,
    0x0BCC,	0x0100,
    0x0202,	0x0004,
    0x0226,	0x0100,
    0x0702,	0x0000,
    0x0704,	0x0000,
    0x0204,	0x0020,
    0x0206,	0x0020,
    0x0112,	0x0A0A,
    0x0114,	0x0301,
    0x0118,	0x0004,
    0x011A,	0x0001,
    0x011C,	0x0101,
    0x021E,	0x0000,
    0x0228,	0x0100,
    0x0260,	0x0002,
    0x0262,	0x0300,
    0x0264,	0x0104,
    0x0266,	0x0500,
    0x0274,	0x2B2B,
    0x0D00,	0x0100,
    0x0D02,	0x0001,
    0x0D06,	0x0000,
    0x0D08,	0x0000,
    0x0D0C,	0x0000,
    0x0D0E,	0x0000,
    0x0FF4,	0x4088,
    0xFCFC,	0x2000,
    0xC640,	0x0200,
    0xC644,	0x480C,
    0xCAB6,	0x0000,
    0xCC0C,	0x0200,
    0xCC10,	0x015A,
    0xCBAA,	0x5D00,
    0xCBB6,	0xFFFF,
    0xC120,	0x0200,
    0xC122,	0x5588,
    0xC12A,	0x0000,
    0xC12C,	0x123D,
    0xC176,	0x0301,
    0xC134,	0x0201,
    0xC13A,	0x0001,
    0xC13C,	0x0001,
    0xC15A,	0x00FF,
    0x4708,	0x003E,
    0x471A,	0x0000,
    0x0F2C,	0x0001,
    0x0EC2,	0x0101,
    0x4864,	0x0100,
    0x48BE,	0x0101,
    0x5CF2,	0x4444,
    0x62E0,	0x0204,
    0x59EC,	0x0000,
    0x5A16,	0x0004,
    0x5A64,	0x013E,
    0x5CC6,	0x07BF,
    0x5CCA,	0x0480,
    0x5CCE,	0x0480,
    0x5ABA,	0x0022,
    0x5ACA,	0x0000,
    0x5AC6,	0x0000,
    0x5AD6,	0x000A,
    0x5AD8,	0x0000,
    0x5ADA,	0x0000,
    0x5ADC,	0x003C,
    0x5AE2,	0x0000,
    0x5AE4,	0x0000,
    0x5AE6,	0x0000,
    0x5AE8,	0x0000,
    0x5AEA,	0x0000,
    0x5AEC,	0x0000,
    0xC500,	0x0010,
    0xC504,	0x0800,
    0xC508,	0x0001,
    0xC60A,	0x0000,
    0xC60C,	0x0000,
    0xCBA8,	0x00DA,
    0xCBAE,	0x0000,
    0x0E70,	0x1200,
    0x6434,	0x0000,
    0x6436,	0x0B0A,
    0x643C,	0x0909,
    0x6446,	0x0006,
    0x8860,	0x0100,
    0x6430,	0x0010,
    0x6432,	0x000C,
    0xA884,	0x0019,
    0x8872,	0x0023,
    0x887C,	0x0019,
    0x887A,	0x0001,
    0x8870,	0x000F,
    0xA882,	0x0010,
    0xA888,	0x0000,
    0xA88A,	0x0001,
    0x887E,	0x0001,
    0x8876,	0xFFFF,
    0x8874,	0x0FFF,
    0x6460,	0xFFFE,
    0x6462,	0xFFFF,
    0x6464,	0xFFFF,
    0x6466,	0x0001,
    0x6468,	0x0001,
    0x646A,	0x0002,
    0x646C,	0x0003,
    0x646E,	0x0002,
    0x6470,	0x0001,
    0x6472,	0x0001,
    0x6474,	0x0001,
    0x6476,	0x0002,
    0x6478,	0x0004,
    0x647A,	0x0003,
    0x647C,	0x0001,
    0x647E,	0xFFFD,
    0x6480,	0xFFFE,
    0x6482,	0xFFFF,
    0x6484,	0x0000,
    0x6486,	0x0001,
    0x6488,	0x0003,
    0x648A,	0x0003,
    0x648C,	0x0005,
    0x648E,	0x0004,
    0x6490,	0x0004,
    0x6492,	0x0003,
    0x6494,	0x0002,
    0x6496,	0x0003,
    0x6498,	0x0005,
    0x649A,	0x0004,
    0x649C,	0x0000,
    0x649E,	0xFFFD,
    0x64A0,	0xFFFC,
    0x64A2,	0xFFFD,
    0x64A4,	0xFFFE,
    0x64A6,	0x0001,
    0x64A8,	0x0002,
    0x64AA,	0x0003,
    0x64AC,	0x0004,
    0x64AE,	0x0005,
    0x64B0,	0x0004,
    0x64B2,	0x0003,
    0x64B4,	0x0003,
    0x64B6,	0x0004,
    0x64B8,	0x0006,
    0x64BA,	0x0004,
    0x64BC,	0x0000,
    0x64BE,	0xFFFD,
    0x64C0,	0xFFFC,
    0x64C2,	0xFFFD,
    0x64C4,	0xFFFF,
    0x64C6,	0x0000,
    0x64C8,	0x0002,
    0x64CA,	0x0003,
    0x64CC,	0x0004,
    0x64CE,	0x0004,
    0x64D0,	0x0004,
    0x64D2,	0x0003,
    0x64D4,	0x0003,
    0x64D6,	0x0004,
    0x64D8,	0x0006,
    0x64DA,	0x0004,
    0x64DC,	0x0001,
    0x64DE,	0xFFFB,
    0x64E0,	0xFFFB,
    0x64E2,	0xFFFD,
    0x64E4,	0xFFFE,
    0x64E6,	0xFFFF,
    0x64E8,	0x0001,
    0x64EA,	0x0002,
    0x64EC,	0x0003,
    0x64EE,	0x0003,
    0x64F0,	0x0002,
    0x64F2,	0x0001,
    0x64F4,	0x0001,
    0x64F6,	0x0003,
    0x64F8,	0x0005,
    0x64FA,	0x0003,
    0x64FC,	0xFFFF,
    0x64FE,	0xFFFA,
    0x6500,	0xFFFB,
    0x6502,	0xFFFD,
    0x6504,	0xFFFE,
    0x6506,	0xFFFF,
    0x6508,	0x0001,
    0x650A,	0x0001,
    0x650C,	0x0002,
    0x650E,	0x0002,
    0x6510,	0x0001,
    0x6512,	0x0000,
    0x6514,	0x0000,
    0x6516,	0x0002,
    0x6518,	0x0004,
    0x651A,	0x0002,
    0x651C,	0xFFFF,
    0x651E,	0xFFFA,
    0x6520,	0xFFFB,
    0x6522,	0xFFFB,
    0x6524,	0xFFFC,
    0x6526,	0xFFFE,
    0x6528,	0xFFFF,
    0x652A,	0x0001,
    0x652C,	0x0002,
    0x652E,	0x0001,
    0x6530,	0x0000,
    0x6532,	0xFFFF,
    0x6534,	0xFFFF,
    0x6536,	0x0000,
    0x6538,	0x0003,
    0x653A,	0x0001,
    0x653C,	0xFFFD,
    0x653E,	0xFFF9,
    0x6540,	0xFFF9,
    0x6542,	0xFFFA,
    0x6544,	0xFFFB,
    0x6546,	0xFFFC,
    0x6548,	0xFFFE,
    0x654A,	0xFFFF,
    0x654C,	0x0000,
    0x654E,	0x0000,
    0x6550,	0x0000,
    0x6552,	0xFFFF,
    0x6554,	0xFFFE,
    0x6556,	0x0000,
    0x6558,	0x0002,
    0x655A,	0x0001,
    0x655C,	0xFFFE,
    0x655E,	0xFFF9,
    0x6560,	0xFFF9,
    0x6562,	0xFFF9,
    0x6564,	0xFFFA,
    0x6566,	0xFFFC,
    0x6568,	0xFFFE,
    0x656A,	0xFFFF,
    0x656C,	0x0000,
    0x656E,	0x0000,
    0x6570,	0xFFFF,
    0x6572,	0xFFFF,
    0x6574,	0xFFFE,
    0x6576,	0x0000,
    0x6578,	0x0003,
    0x657A,	0x0002,
    0x657C,	0xFFFF,
    0x657E,	0xFFFB,
    0x6580,	0xFFF9,
    0x6582,	0xFFFA,
    0x6584,	0xFFFA,
    0x6586,	0xFFFD,
    0x6588,	0xFFFF,
    0x658A,	0xFFFF,
    0x658C,	0x0001,
    0x658E,	0x0000,
    0x6590,	0x0000,
    0x6592,	0x0000,
    0x6594,	0xFFFE,
    0x6596,	0xFFFF,
    0x6598,	0x0002,
    0x659A,	0x0003,
    0x659C,	0x0001,
    0x659E,	0xFFFC,
    0x65A0,	0xFFF8,
    0x65A2,	0xFFF8,
    0x65A4,	0xFFF9,
    0x65A6,	0xFFFB,
    0x65A8,	0xFFFD,
    0x65AA,	0xFFFF,
    0x65AC,	0x0000,
    0x65AE,	0x0000,
    0x65B0,	0x0000,
    0x65B2,	0x0000,
    0x65B4,	0xFFFE,
    0x65B6,	0xFFFD,
    0x65B8,	0x0000,
    0x65BA,	0x0003,
    0x65BC,	0x0002,
    0x65BE,	0xFFFF,
    0x65C0,	0xFFF8,
    0x65C2,	0xFFF8,
    0x65C4,	0xFFF8,
    0x65C6,	0xFFFB,
    0x65C8,	0xFFFD,
    0x65CA,	0xFFFF,
    0x65CC,	0x0000,
    0x65CE,	0x0001,
    0x65D0,	0x0002,
    0x65D2,	0x0001,
    0x65D4,	0xFFFF,
    0x65D6,	0xFFFE,
    0x65D8,	0x0001,
    0x65DA,	0x0003,
    0x65DC,	0x0005,
    0x65DE,	0x0002,
    0x46C4,	0x0100,
    0x5BB4,	0x0502,
    0x5BC8,	0x090B,
    0x41E4,	0x0000,
    0x41EC,	0x0200,
    0x41F8,	0x0200,
    0x4394,	0x0000,
    0x4396,	0x0000,
    0x4398,	0x0000,
    0x439A,	0x0000,
    0x474C,	0x0201,
    0x474E,	0x0101,
    0x4784,	0x00B7,
    0x4786,	0x00F3,
    0x4788,	0x01DC,
    0x478A,	0x0218,
    0x48A6,	0x100C,
    0x48A8,	0x1010,
    0x0E1C,	0x0300,
    0x0E52,	0x0401,
    0x0E56,	0x0401,
    0x5A70,	0x0080,
    0x48EC,	0x0002,
    0x48EE,	0x0001,
    0x48F0,	0x0001,
    0x48F2,	0x0000,
    0x48F4,	0x0001,
    0x48F6,	0x0005,
    0x48F8,	0x0001,
    0x48FA,	0x0005,
    0x4900,	0x0003,
    0x4902,	0x0000,
    0x4904,	0x0003,
    0x4906,	0x0003,
    0x4908,	0x0003,
    0x490A,	0x0000,
    0x490C,	0x0003,
    0x4910,	0x0030,
    0x4912,	0x0030,
    0x491C,	0x0003,
    0x4920,	0x0003,
    0x4924,	0x0001,
    0x4926,	0x0001,
    0x4928,	0x000A,
    0x492A,	0x000A,
    0x4934,	0x0003,
    0x4938,	0x0030,
    0x493A,	0x0041,
    0x4950,	0x00F5,
    0x4952,	0x00E5,
    0x4954,	0x0001,
    0x4958,	0x000B,
    0x495C,	0x0000,
    0x4960,	0x0001,
    0x4964,	0x0001,
    0x4968,	0x000D,
    0x496C,	0x0000,
    0x4978,	0x0005,
    0x497C,	0x000A,
    0x4980,	0x0023,
    0x4982,	0x002A,
    0x498C,	0x0041,
    0x498E,	0x0064,
    0x49A0,	0x0001,
    0x49A4,	0x0000,
    0x49A8,	0x0001,
    0x49AA,	0x0001,
    0x49AC,	0x0001,
    0x49AE,	0x0001,
    0x49B8,	0x000A,
    0x49C0,	0x000A,
    0x49C8,	0x000A,
    0x49F4,	0x000F,
    0x49F6,	0x000E,
    0x49F8,	0x002F,
    0x49FA,	0x0030,
    0x4ADC,	0x0016,
    0x4ADE,	0x001A,
    0x4AE0,	0x003D,
    0x4AE2,	0x002F,
    0x4AE4,	0x00B6,
    0x4AE6,	0x00AC,
    0x4C00,	0x0012,
    0x4C02,	0x0012,
    0x4C04,	0x0000,
    0x4C06,	0x0000,
    0x4C10,	0x0010,
    0x4C12,	0x0010,
    0x4C2C,	0x011A,
    0x4C34,	0x0007,
    0x4C3C,	0x0007,
    0x4C40,	0x0258,
    0x4C42,	0x0258,
    0x4CB4,	0x8128,
    0x4CB8,	0x8001,
    0x4CBC,	0x80F4,
    0x4CC0,	0x0257,
    0x4D2C,	0x0003,
    0x50C8,	0x02AC,
    0x50CA,	0x04C8,
    0x50D0,	0x0200,
    0x50D2,	0x0000,
    0x50DE,	0x0909,
    0x50E0,	0x0D0D,
    0x50E2,	0x0404,
    0x50E4,	0x0404,
    0x50FC,	0x001E,
    0x50FE,	0x0083,
    0x5100,	0xE48D,
    0x5102,	0xFFE7,
    0x5108,	0x0000,
    0x510A,	0x93E1,
    0x5136,	0x0100,
    0x515C,	0x0100,
    0x5336,	0x4672,
    0x533A,	0x0029,
    0x53E8,	0x1108,
    0x53EA,	0x0812,
    0x541C,	0x4000,
    0x541E,	0xF462,
    0x5420,	0x4000,
    0x5422,	0xF818,
    0x546E,	0x000C,
    0x5470,	0x0020,
    0x5472,	0x002A,
    0x5474,	0x0030,
    0x5476,	0x0033,
    0x5482,	0x000C,
    0x5484,	0x0020,
    0x5486,	0x002A,
    0x5488,	0x0030,
    0x548A,	0x0033,
    0x548C,	0x000B,
    0x548E,	0x000A,
    0x5490,	0x000A,
    0x5492,	0x000A,
    0x5494,	0x000A,
    0x54A0,	0x0000,
    0x54A2,	0x0000,
    0x54A4,	0x0000,
    0x54A6,	0x0000,
    0x54A8,	0x0000,
    0x54AA,	0x000C,
    0x54AC,	0x000C,
    0x54AE,	0x000C,
    0x54B0,	0x000C,
    0x54B2,	0x000C,
    0x54BE,	0x000C,
    0x54C0,	0x000C,
    0x54C2,	0x000C,
    0x54C4,	0x000C,
    0x54C6,	0x000C,
    0x54C8,	0x0000,
    0x54CA,	0x0000,
    0x54CC,	0x0000,
    0x54CE,	0x0000,
    0x54D0,	0x0000,
    0x54DC,	0x0000,
    0x54DE,	0x0000,
    0x54E0,	0x0000,
    0x54E2,	0x0000,
    0x54E4,	0x0000,
    0x54E6,	0x0000,
    0x54E8,	0x0000,
    0x54EA,	0x0000,
    0x54EC,	0x0000,
    0x54EE,	0x0000,
    0x54FA,	0x0000,
    0x54FC,	0x0000,
    0x54FE,	0x0000,
    0x5500,	0x0000,
    0x5502,	0x0000,
    0x5504,	0x002E,
    0x5506,	0x002E,
    0x5508,	0x002E,
    0x550A,	0x002E,
    0x550C,	0x0030,
    0x5518,	0x003F,
    0x551A,	0x003F,
    0x551C,	0x003F,
    0x551E,	0x003F,
    0x5520,	0x003F,
    0x5522,	0x0064,
    0x5524,	0x0064,
    0x5526,	0x0064,
    0x5528,	0x0064,
    0x552A,	0x0064,
    0x5536,	0x0064,
    0x5538,	0x0064,
    0x553A,	0x0064,
    0x553C,	0x0064,
    0x553E,	0x0064,
    0x5540,	0x2672,
    0x5542,	0x2672,
    0x5544,	0x2672,
    0x5546,	0x2672,
    0x5548,	0x2672,
    0x5554,	0x2672,
    0x5556,	0x2672,
    0x5558,	0x2672,
    0x555A,	0x2672,
    0x555C,	0x2672,
    0xCCA8,	0x0005,
    0xCCAA,	0x003C,
    0xCCC6,	0x0019,
    0xCCC8,	0x001E,
    0xCCCA,	0x0023,
    0xCCCC,	0x0028,
    0xCCCE,	0x0028,
    0xCCD0,	0x0014,
    0xCCD2,	0x0019,
    0xCCD4,	0x001E,
    0xCCD6,	0x0023,
    0xCCD8,	0x0023,
    0xCCF0,	0x0017,
    0xCCF2,	0x002F,
    0xCCF4,	0x004E,
    0xCCF8,	0x0005,
    0xCCFA,	0x003C,
    0xCD16,	0x0019,
    0xCD18,	0x001E,
    0xCD1A,	0x0023,
    0xCD1C,	0x0028,
    0xCD1E,	0x0028,
    0xCD20,	0x0014,
    0xCD22,	0x0019,
    0xCD24,	0x001E,
    0xCD26,	0x0023,
    0xCD28,	0x0023,
    0xB9BC,	0x0000,
    0xBB96,	0x0000,
    0xBB9A,	0x0000,
    0xBBA6,	0x0000,
    0xBBAA,	0x0000,
    0xBBD6,	0x0004,
    0xBBD8,	0x0004,
    0xBBDA,	0x0004,
    0xBBDC,	0x0004,
    0xBBDE,	0x0004,
    0xBBE0,	0x0004,
    0xBBE2,	0x0004,
    0xBBE4,	0x0004,
    0xBBE6,	0x0004,
    0xBBE8,	0x0004,
    0xBBEA,	0x0004,
    0xBBEC,	0x0004,
    0xBBEE,	0x0004,
    0xBBF0,	0x0004,
    0xBBF2,	0x0004,
    0xBBF4,	0x0004,
    0xBBF6,	0x0000,
    0xBBFA,	0x0000,
    0xBC06,	0x0000,
    0xBC0A,	0x0000,
    0xBC58,	0x0000,
    0xBC5A,	0x0000,
    0xBC5C,	0x0000,
    0xBC5E,	0x0000,
    0xBC60,	0x0000,
    0xBC62,	0x0000,
    0xBC64,	0x0000,
    0xBC66,	0x0000,
    0xBC68,	0x0000,
    0xBC6A,	0x0000,
    0xBC6C,	0x0000,
    0xBC6E,	0x0000,
    0xBC70,	0x0000,
    0xBC72,	0x0000,
    0xBC74,	0x0000,
    0xBC76,	0x0000,
    0xBA44,	0x0002,
    0xBA46,	0x0100,
    0xBA48,	0x1000,
    0xBA4A,	0x1000,
    0xBA4C,	0x0FE2,
    0xBA4E,	0x0000,
    0xBA50,	0x0000,
    0xBA52,	0x0000,
    0xBA54,	0x0000,
    0xBA6E,	0x0100,
    0xBA70,	0x1000,
    0xBA72,	0x1000,
    0xBA74,	0x1000,
    0xBA76,	0x0000,
    0xBA78,	0x0000,
    0xBA7A,	0x0000,
    0xBA7C,	0x0000,
    0xBA96,	0x0100,
    0xBA98,	0x1000,
    0xBA9A,	0x1000,
    0xBA9C,	0x1000,
    0xBA9E,	0x0000,
    0xBAA0,	0x0000,
    0xBAA2,	0x0000,
    0xBAA4,	0x0000,
    0xBABE,	0x0100,
    0xBAC0,	0x1000,
    0xBAC2,	0x1000,
    0xBAC4,	0x0FE2,
    0xBAC6,	0x0000,
    0xBAC8,	0x0000,
    0xBACA,	0x0000,
    0xBACC,	0x0000,
    0xBAE6,	0x0000,
    0xBAE8,	0x0000,
    0xBAEA,	0x0000,
    0xBAEC,	0x0000,
    0xBAEE,	0x0000,
    0xBAF0,	0x0000,
    0xBAF2,	0x0000,
    0xBAF4,	0x0000,
    0xBB0E,	0x0000,
    0xBB10,	0x0000,
    0xBB12,	0x0000,
    0xBB14,	0x0000,
    0xBB16,	0x0000,
    0xBB18,	0x0000,
    0xBB1A,	0x0000,
    0xBB1C,	0x0000,
    0xBB36,	0x0000,
    0xBB38,	0x0000,
    0xBB3A,	0x0000,
    0xBB3C,	0x0000,
    0xBB3E,	0x0000,
    0xBB40,	0x0000,
    0xBB42,	0x0000,
    0xBB44,	0x0000,
    0xBB5E,	0x0000,
    0xBB60,	0x0000,
    0xBB62,	0x0000,
    0xBB64,	0x0000,
    0xBB66,	0x0000,
    0xBB68,	0x0000,
    0xBB6A,	0x0000,
    0xBB6C,	0x0000,
    0xCE9A,	0x0200,
    0xCEA2,	0x0006,
    0xCEB0,	0x0040,
    0xCEE4,	0x0040,
    0xCEEC,	0x0006,
    0xCEEE,	0x0100,
    0xCEF8,	0x03E8,
    0xCEFA,	0x0080,
    0xCEFC,	0x0080,
    0xCEFE,	0x03E8,
    0xCF00,	0x0080,
    0xCF02,	0x0080,
    0xCF04,	0x0100,
    0xCF08,	0x0040,
    0xA8B0,	0x0440,
    0xA8B6,	0x0000,
    0xA8B8,	0x0101,
    0xA8BE,	0x0000,
    0xA8C0,	0x0000,
    0xA8C2,	0x0000,
    0xA8C4,	0x0000,
    0xA8D6,	0x0000,
    0xA8D8,	0x0000,
    0xA8DA,	0x0000,
    0xA8DC,	0x0000,
    0xA8DE,	0x0000,
    0xA8E0,	0x0000,
    0xA8E2,	0x0000,
    0xA8E4,	0x0000,
    0xA8E6,	0x0000,
    0xA8E8,	0x0000,
    0xA8EA,	0x0000,
    0xA8EC,	0x0000,
    0xA8EE,	0x0000,
    0xA8F0,	0x0000,
    0xA8F2,	0x0000,
    0xA8F4,	0x0000,
    0xA8F6,	0x0000,
    0xA8F8,	0x0000,
    0xA8FA,	0x0000,
    0xA8FC,	0x0000,
    0xA8FE,	0x0000,
    0xA900,	0x0000,
    0xA902,	0x0000,
    0xA904,	0x0000,
    0xA906,	0x0000,
    0xA908,	0x0000,
    0xA90A,	0x0000,
    0xA90C,	0x0000,
    0xA90E,	0x0000,
    0xA910,	0x0000,
    0xA912,	0x0000,
    0xA914,	0x0000,
    0xA916,	0x0000,
    0xA918,	0x0000,
    0xA91A,	0x0000,
    0xA91C,	0x0000,
    0xA91E,	0x0000,
    0xA920,	0x0000,
    0xA922,	0x0000,
    0xA924,	0x0000,
    0xA926,	0x0000,
    0xA928,	0x0000,
    0xA92A,	0x0000,
    0xA92C,	0x0000,
    0xA92E,	0x0000,
    0xA930,	0x0000,
    0xA932,	0x0000,
    0xA934,	0x0000,
    0xA936,	0x0000,
    0xA938,	0x0000,
    0xA93A,	0x0000,
    0xA93C,	0x0000,
    0xA93E,	0x0000,
    0xA940,	0x0000,
    0xA942,	0x0000,
    0xA944,	0x0000,
    0xA946,	0x0000,
    0xA948,	0x0000,
    0xA94A,	0x0000,
    0xA94C,	0x0000,
    0xA94E,	0x0000,
    0xA950,	0x0000,
    0xA952,	0x0000,
    0xA954,	0x0000,
    0xA956,	0x0000,
    0xA958,	0x0000,
    0xA95A,	0x0000,
    0xA95C,	0x0000,
    0xA95E,	0x0000,
    0xA960,	0x0000,
    0xA962,	0x0000,
    0xA964,	0x0000,
    0xA966,	0x0000,
    0xA968,	0x0000,
    0xA96A,	0x0000,
    0xA96C,	0x0000,
    0xA96E,	0x0000,
    0xA970,	0x0000,
    0xA972,	0x0000,
    0xA974,	0x0000,
    0xA976,	0x0000,
    0xAA6A,	0x0000,
    0xAA6C,	0x0000,
    0xAA6E,	0x0000,
    0xAABE,	0x0000,
    0xAAC0,	0x0000,
    0xAAC2,	0x0000,
    0xFCFC,	0x2001,
    0xE300,	0x0100,
    0xE30E,	0x0100,
    0xFCFC,	0x4000,
    0xF848,	0x01FF,
    0xF87E,	0x0114,
    0xF976,	0x0618,
    0xF978,	0x0500,
    0xFA3C,	0x0000,
    0xFA3E,	0x0000,
    0x081E,	0x1000,
};

static u16 s5kgn9sp_custom2_setting[] = {
    0xFCFC,	0x2000,
    0x0EDC,	0x0000,
    0x0EDE,	0x0000,
    0xFCFC,	0x4000,
    0x0B30,	0x01FF,
    0xFCFC,	0x4000,
    0xA102,	0x0B02,
    0x0344,	0x0000,
    0x0346,	0x02F0,
    0x0348,	0x1FFF,
    0x034A,	0x152F,
    0x034C,	0x0800,
    0x034E,	0x0480,
    0x0340,	0x05F8,
    0x0342,	0x0B00,
    0x0900,	0x3344,
    0x0380,	0x0002,
    0x0382,	0x0006,
    0x0384,	0x0002,
    0x0386,	0x0006,
    0x0350,	0x0000,
    0x0352,	0x0008,
    0x0136,	0x1800,
    0x013E,	0x0000,
    0x0304,	0x0003,
    0x0306,	0x0082,
    0x030C,	0x0000,
    0x030E,	0x0003,
    0x0310,	0x0079,
    0x0312,	0x0000,
    0x0B08,	0x0000,
    0x0BCA,	0x0101,
    0x0BCC,	0x0100,
    0x0202,	0x0004,
    0x0226,	0x0100,
    0x0702,	0x0000,
    0x0704,	0x0000,
    0x0204,	0x0020,
    0x0206,	0x0020,
    0x0112,	0x0A0A,
    0x0114,	0x0301,
    0x0118,	0x0004,
    0x011A,	0x0001,
    0x011C,	0x0101,
    0x021E,	0x0000,
    0x0228,	0x0100,
    0x0260,	0x0002,
    0x0262,	0x0300,
    0x0264,	0x0104,
    0x0266,	0x0500,
    0x0274,	0x2B2B,
    0x0D00,	0x0101,
    0x0D02,	0x0101,
    0x0D06,	0x0000,
    0x0D08,	0x0000,
    0x0D0C,	0x0000,
    0x0D0E,	0x0000,
    0x0FF4,	0x4088,
    0xFCFC,	0x2000,
    0xC640,	0x0200,
    0xC644,	0x480C,
    0xCAB6,	0x0000,
    0xCC0C,	0x0200,
    0xCC10,	0x015A,
    0xCBAA,	0x5B00,
    0xCBB6,	0x00FF,
    0xC120,	0x0200,
    0xC122,	0x5588,
    0xC12A,	0x0000,
    0xC12C,	0x123D,
    0xC176,	0x0301,
    0xC134,	0x0201,
    0xC13A,	0x0000,
    0xC13C,	0x0001,
    0xC15A,	0x00FF,
    0x4708,	0x000F,
    0x471A,	0x0000,
    0x0F2C,	0x0001,
    0x0EC2,	0x0101,
    0x4864,	0x0102,
    0x48BE,	0x0001,
    0x5CF2,	0x4422,
    0x62E0,	0x0204,
    0x59EC,	0x0000,
    0x5A16,	0x0001,
    0x5A64,	0x011E,
    0x5CC6,	0x033F,
    0x5CCA,	0x0000,
    0x5CCE,	0x0000,
    0x5ABA,	0x0001,
    0x5ACA,	0x0000,
    0x5AC6,	0x0000,
    0x5AD6,	0x000D,
    0x5AD8,	0x0000,
    0x5ADA,	0x0000,
    0x5ADC,	0x0001,
    0x5AE2,	0x0028,
    0x5AE4,	0x003C,
    0x5AE6,	0x00A8,
    0x5AE8,	0x00E0,
    0x5AEA,	0x01BC,
    0x5AEC,	0x027C,
    0xC500,	0x0008,
    0xC504,	0x0400,
    0xC508,	0x0201,
    0xC60A,	0x0104,
    0xC60C,	0x0400,
    0xCBA8,	0x00FA,
    0xCBAE,	0x0001,
    0x0E70,	0x1000,
    0x6434,	0x0000,
    0x6436,	0x0B0A,
    0x643C,	0x0707,
    0x6446,	0x0006,
    0x8860,	0x0100,
    0x6430,	0x0010,
    0x6432,	0x000C,
    0xA884,	0x0019,
    0x8872,	0x0023,
    0x887C,	0x0019,
    0x887A,	0x0001,
    0x8870,	0x000F,
    0xA882,	0x0010,
    0xA888,	0x0000,
    0xA88A,	0x0001,
    0x887E,	0x0001,
    0x8876,	0xFFFF,
    0x8874,	0x0FFF,
    0x6460,	0xFFFD,
    0x6462,	0x0003,
    0x6464,	0x0002,
    0x6466,	0x0003,
    0x6468,	0x0000,
    0x646A,	0x0000,
    0x646C,	0x0001,
    0x646E,	0x0000,
    0x6470,	0x0000,
    0x6472,	0x0001,
    0x6474,	0xFFFF,
    0x6476,	0xFFFF,
    0x6478,	0xFFFB,
    0x647A,	0xFFF8,
    0x647C,	0xFFF0,
    0x647E,	0xFFEF,
    0x6480,	0xFFFD,
    0x6482,	0x0000,
    0x6484,	0x0002,
    0x6486,	0x0001,
    0x6488,	0xFFFF,
    0x648A,	0x0000,
    0x648C,	0xFFFF,
    0x648E,	0x0003,
    0x6490,	0x0001,
    0x6492,	0x0000,
    0x6494,	0xFFFF,
    0x6496,	0xFFFC,
    0x6498,	0xFFFA,
    0x649A,	0xFFF4,
    0x649C,	0xFFF3,
    0x649E,	0xFFE7,
    0x64A0,	0xFFFD,
    0x64A2,	0xFFFF,
    0x64A4,	0x0001,
    0x64A6,	0x0002,
    0x64A8,	0x0001,
    0x64AA,	0x0000,
    0x64AC,	0x0002,
    0x64AE,	0x0000,
    0x64B0,	0xFFFE,
    0x64B2,	0x0002,
    0x64B4,	0xFFFE,
    0x64B6,	0xFFFE,
    0x64B8,	0xFFFC,
    0x64BA,	0xFFF6,
    0x64BC,	0xFFF1,
    0x64BE,	0xFFE3,
    0x64C0,	0xFFFD,
    0x64C2,	0x0003,
    0x64C4,	0x0004,
    0x64C6,	0x0005,
    0x64C8,	0x0003,
    0x64CA,	0xFFFF,
    0x64CC,	0x0002,
    0x64CE,	0x0002,
    0x64D0,	0x0004,
    0x64D2,	0x0002,
    0x64D4,	0x0001,
    0x64D6,	0xFFFE,
    0x64D8,	0xFFFE,
    0x64DA,	0xFFF9,
    0x64DC,	0xFFF1,
    0x64DE,	0xFFE3,
    0x64E0,	0xFFFF,
    0x64E2,	0x0003,
    0x64E4,	0x0004,
    0x64E6,	0x0004,
    0x64E8,	0x0004,
    0x64EA,	0x0004,
    0x64EC,	0x0002,
    0x64EE,	0x0006,
    0x64F0,	0x0002,
    0x64F2,	0x0003,
    0x64F4,	0x0003,
    0x64F6,	0xFFFE,
    0x64F8,	0xFFFE,
    0x64FA,	0xFFF7,
    0x64FC,	0xFFF3,
    0x64FE,	0xFFE6,
    0x6500,	0xFFFE,
    0x6502,	0x0004,
    0x6504,	0x0004,
    0x6506,	0x0005,
    0x6508,	0x0005,
    0x650A,	0x0003,
    0x650C,	0x0006,
    0x650E,	0x0003,
    0x6510,	0x0006,
    0x6512,	0x0000,
    0x6514,	0x0003,
    0x6516,	0x0000,
    0x6518,	0xFFFB,
    0x651A,	0xFFFA,
    0x651C,	0xFFF2,
    0x651E,	0xFFE4,
    0x6520,	0x0002,
    0x6522,	0x0005,
    0x6524,	0x0007,
    0x6526,	0x0006,
    0x6528,	0x0003,
    0x652A,	0x0006,
    0x652C,	0x0004,
    0x652E,	0x0005,
    0x6530,	0x0005,
    0x6532,	0x0004,
    0x6534,	0x0002,
    0x6536,	0x0000,
    0x6538,	0x0001,
    0x653A,	0xFFFA,
    0x653C,	0xFFF3,
    0x653E,	0xFFE7,
    0x6540,	0x0002,
    0x6542,	0x0006,
    0x6544,	0x0007,
    0x6546,	0x0006,
    0x6548,	0x0006,
    0x654A,	0x0005,
    0x654C,	0x0007,
    0x654E,	0x0006,
    0x6550,	0x0007,
    0x6552,	0x0005,
    0x6554,	0x0005,
    0x6556,	0x0002,
    0x6558,	0xFFFD,
    0x655A,	0xFFF9,
    0x655C,	0xFFF6,
    0x655E,	0xFFE8,
    0x6560,	0x0002,
    0x6562,	0x0003,
    0x6564,	0x0007,
    0x6566,	0x0006,
    0x6568,	0x0004,
    0x656A,	0x0004,
    0x656C,	0x0006,
    0x656E,	0x0004,
    0x6570,	0x0005,
    0x6572,	0x0005,
    0x6574,	0x0003,
    0x6576,	0x0000,
    0x6578,	0xFFFF,
    0x657A,	0xFFFC,
    0x657C,	0xFFF4,
    0x657E,	0xFFE8,
    0x6580,	0x0000,
    0x6582,	0x0004,
    0x6584,	0x0007,
    0x6586,	0x0005,
    0x6588,	0x0004,
    0x658A,	0x0005,
    0x658C,	0x0007,
    0x658E,	0x0006,
    0x6590,	0x0006,
    0x6592,	0x0005,
    0x6594,	0x0002,
    0x6596,	0x0002,
    0x6598,	0xFFFF,
    0x659A,	0xFFFA,
    0x659C,	0xFFF3,
    0x659E,	0xFFE8,
    0x65A0,	0x0001,
    0x65A2,	0x0005,
    0x65A4,	0x0006,
    0x65A6,	0x0005,
    0x65A8,	0x0004,
    0x65AA,	0x0002,
    0x65AC,	0x0004,
    0x65AE,	0x0002,
    0x65B0,	0x0005,
    0x65B2,	0x0004,
    0x65B4,	0x0004,
    0x65B6,	0x0000,
    0x65B8,	0x0001,
    0x65BA,	0xFFF8,
    0x65BC,	0xFFF7,
    0x65BE,	0xFFE6,
    0x65C0,	0x0004,
    0x65C2,	0x0004,
    0x65C4,	0x000C,
    0x65C6,	0x0007,
    0x65C8,	0x0005,
    0x65CA,	0x0001,
    0x65CC,	0x0005,
    0x65CE,	0x0004,
    0x65D0,	0x0008,
    0x65D2,	0x0005,
    0x65D4,	0x0003,
    0x65D6,	0x0001,
    0x65D8,	0x0001,
    0x65DA,	0xFFFC,
    0x65DC,	0xFFF6,
    0x65DE,	0xFFEA,
    0x46C4,	0x0100,
    0x5BB4,	0x0502,
    0x5BC8,	0x090B,
    0x41E4,	0x0000,
    0x41EC,	0x0200,
    0x41F8,	0x0200,
    0x4394,	0x0000,
    0x4396,	0x0000,
    0x4398,	0x0000,
    0x439A,	0x0000,
    0x474C,	0x0201,
    0x474E,	0x0101,
    0x4784,	0x0000,
    0x4786,	0x0000,
    0x4788,	0x0000,
    0x478A,	0x0000,
    0x48A6,	0x4008,
    0x48A8,	0x1040,
    0x0E1C,	0x0300,
    0x0E52,	0x0401,
    0x0E56,	0x0401,
    0x5A70,	0x0080,
    0x48EC,	0x0001,
    0x48EE,	0x0001,
    0x48F0,	0x0000,
    0x48F2,	0x000C,
    0x48F4,	0x0001,
    0x48F6,	0x0005,
    0x48F8,	0x0001,
    0x48FA,	0x0005,
    0x4900,	0x0005,
    0x4902,	0x000B,
    0x4904,	0x0008,
    0x4906,	0x0007,
    0x4908,	0x0005,
    0x490A,	0x000B,
    0x490C,	0x0003,
    0x4910,	0x0041,
    0x4912,	0x0041,
    0x491C,	0x0003,
    0x4920,	0x0003,
    0x4924,	0x0001,
    0x4926,	0x000B,
    0x4928,	0x000F,
    0x492A,	0x000A,
    0x4934,	0x0003,
    0x4938,	0x003C,
    0x493A,	0x003C,
    0x4950,	0x00D9,
    0x4952,	0x00D9,
    0x4954,	0x000C,
    0x4958,	0x000B,
    0x495C,	0x0003,
    0x4960,	0x0001,
    0x4964,	0x0001,
    0x4968,	0x000A,
    0x496C,	0x000C,
    0x4978,	0x0008,
    0x497C,	0x0008,
    0x4980,	0x002D,
    0x4982,	0x0007,
    0x498C,	0x0041,
    0x498E,	0x0064,
    0x49A0,	0x0001,
    0x49A4,	0x0004,
    0x49A8,	0x0001,
    0x49AA,	0x0005,
    0x49AC,	0x0001,
    0x49AE,	0x0005,
    0x49B8,	0x000A,
    0x49C0,	0x000A,
    0x49C8,	0x000A,
    0x49F4,	0x000F,
    0x49F6,	0x0010,
    0x49F8,	0x002F,
    0x49FA,	0x0032,
    0x4ADC,	0x001B,
    0x4ADE,	0x001A,
    0x4AE0,	0x002F,
    0x4AE2,	0x0050,
    0x4AE4,	0x00A5,
    0x4AE6,	0x0096,
    0x4C00,	0x0012,
    0x4C02,	0x0012,
    0x4C04,	0x0001,
    0x4C06,	0x0001,
    0x4C10,	0x0009,
    0x4C12,	0x0009,
    0x4C2C,	0x8120,
    0x4C34,	0x0007,
    0x4C3C,	0x0007,
    0x4C40,	0x0258,
    0x4C42,	0x04BC,
    0x4CB4,	0x0001,
    0x4CB8,	0x00CF,
    0x4CBC,	0x011A,
    0x4CC0,	0x0257,
    0x4D2C,	0x8050,
    0x50C8,	0x02C0,
    0x50CA,	0x04C8,
    0x50D0,	0x0200,
    0x50D2,	0x0000,
    0x50DE,	0x0909,
    0x50E0,	0x0D0D,
    0x50E2,	0x0404,
    0x50E4,	0x0404,
    0x50FC,	0x001E,
    0x50FE,	0x0083,
    0x5100,	0xE48D,
    0x5102,	0xFF67,
    0x5108,	0x0000,
    0x510A,	0x90C1,
    0x5136,	0x0000,
    0x515C,	0x0000,
    0x5336,	0x6672,
    0x533A,	0x0029,
    0x53E8,	0x1108,
    0x53EA,	0x0812,
    0x541C,	0x4000,
    0x541E,	0xF462,
    0x5420,	0x4000,
    0x5422,	0xF818,
    0x546E,	0x0007,
    0x5470,	0x0019,
    0x5472,	0x0023,
    0x5474,	0x002A,
    0x5476,	0x002E,
    0x5482,	0x000C,
    0x5484,	0x000C,
    0x5486,	0x000C,
    0x5488,	0x000C,
    0x548A,	0x000C,
    0x548C,	0x0014,
    0x548E,	0x0012,
    0x5490,	0x000F,
    0x5492,	0x000F,
    0x5494,	0x000F,
    0x54A0,	0x0000,
    0x54A2,	0x0000,
    0x54A4,	0x0000,
    0x54A6,	0x0000,
    0x54A8,	0x0000,
    0x54AA,	0x000C,
    0x54AC,	0x000C,
    0x54AE,	0x000C,
    0x54B0,	0x000C,
    0x54B2,	0x000C,
    0x54BE,	0x000C,
    0x54C0,	0x000C,
    0x54C2,	0x000C,
    0x54C4,	0x000C,
    0x54C6,	0x000C,
    0x54C8,	0x0000,
    0x54CA,	0x0000,
    0x54CC,	0x0000,
    0x54CE,	0x0000,
    0x54D0,	0x0000,
    0x54DC,	0x0000,
    0x54DE,	0x0000,
    0x54E0,	0x0000,
    0x54E2,	0x0000,
    0x54E4,	0x0000,
    0x54E6,	0x0000,
    0x54E8,	0x0000,
    0x54EA,	0x0000,
    0x54EC,	0x0000,
    0x54EE,	0x0000,
    0x54FA,	0x0000,
    0x54FC,	0x0000,
    0x54FE,	0x0000,
    0x5500,	0x0000,
    0x5502,	0x0000,
    0x5504,	0x0025,
    0x5506,	0x0025,
    0x5508,	0x0025,
    0x550A,	0x0025,
    0x550C,	0x0025,
    0x5518,	0x003F,
    0x551A,	0x003F,
    0x551C,	0x003F,
    0x551E,	0x003F,
    0x5520,	0x003F,
    0x5522,	0x006E,
    0x5524,	0x006E,
    0x5526,	0x006E,
    0x5528,	0x006E,
    0x552A,	0x006E,
    0x5536,	0x006E,
    0x5538,	0x006E,
    0x553A,	0x006E,
    0x553C,	0x006E,
    0x553E,	0x006E,
    0x5540,	0x6672,
    0x5542,	0x6672,
    0x5544,	0x6672,
    0x5546,	0x6672,
    0x5548,	0x6672,
    0x5554,	0x6672,
    0x5556,	0x6672,
    0x5558,	0x6672,
    0x555A,	0x6672,
    0x555C,	0x6672,
    0xCCA8,	0x0005,
    0xCCAA,	0x003C,
    0xCCC6,	0x0019,
    0xCCC8,	0x001E,
    0xCCCA,	0x0023,
    0xCCCC,	0x0028,
    0xCCCE,	0x0028,
    0xCCD0,	0x0014,
    0xCCD2,	0x0019,
    0xCCD4,	0x001E,
    0xCCD6,	0x0023,
    0xCCD8,	0x0023,
    0xCCF0,	0x002E,
    0xCCF2,	0x0023,
    0xCCF4,	0x0041,
    0xCCF8,	0x0020,
    0xCCFA,	0x0020,
    0xCD16,	0x0005,
    0xCD18,	0x000F,
    0xCD1A,	0x0014,
    0xCD1C,	0x0019,
    0xCD1E,	0x0019,
    0xCD20,	0x0005,
    0xCD22,	0x000A,
    0xCD24,	0x000F,
    0xCD26,	0x0014,
    0xCD28,	0x0014,
    0xB9BC,	0x0100,
    0xBB96,	0x0002,
    0xBB9A,	0x0002,
    0xBBA6,	0x0001,
    0xBBAA,	0x0001,
    0xBBD6,	0xFFFE,
    0xBBD8,	0x0000,
    0xBBDA,	0xFFFC,
    0xBBDC,	0x0000,
    0xBBDE,	0x0000,
    0xBBE0,	0x0000,
    0xBBE2,	0x0000,
    0xBBE4,	0x0000,
    0xBBE6,	0xFFFD,
    0xBBE8,	0x0000,
    0xBBEA,	0xFFFF,
    0xBBEC,	0x0000,
    0xBBEE,	0x0000,
    0xBBF0,	0x0000,
    0xBBF2,	0x0000,
    0xBBF4,	0x0000,
    0xBBF6,	0x0000,
    0xBBFA,	0x0000,
    0xBC06,	0x0000,
    0xBC0A,	0x0000,
    0xBC58,	0x0000,
    0xBC5A,	0x0000,
    0xBC5C,	0x0000,
    0xBC5E,	0x0000,
    0xBC60,	0x0000,
    0xBC62,	0x0000,
    0xBC64,	0x0000,
    0xBC66,	0x0000,
    0xBC68,	0x0000,
    0xBC6A,	0x0000,
    0xBC6C,	0x0000,
    0xBC6E,	0x0000,
    0xBC70,	0x0000,
    0xBC72,	0x0000,
    0xBC74,	0x0000,
    0xBC76,	0x0000,
    0xBA44,	0x0000,
    0xBA46,	0x0100,
    0xBA48,	0x1000,
    0xBA4A,	0x1000,
    0xBA4C,	0x0FE2,
    0xBA4E,	0x0000,
    0xBA50,	0x0000,
    0xBA52,	0x0000,
    0xBA54,	0x0000,
    0xBA6E,	0x0100,
    0xBA70,	0x1000,
    0xBA72,	0x1000,
    0xBA74,	0x1000,
    0xBA76,	0x0000,
    0xBA78,	0x0000,
    0xBA7A,	0x0000,
    0xBA7C,	0x0000,
    0xBA96,	0x0100,
    0xBA98,	0x1000,
    0xBA9A,	0x1000,
    0xBA9C,	0x1000,
    0xBA9E,	0x0000,
    0xBAA0,	0x0000,
    0xBAA2,	0x0000,
    0xBAA4,	0x0000,
    0xBABE,	0x0100,
    0xBAC0,	0x1000,
    0xBAC2,	0x1000,
    0xBAC4,	0x0FE2,
    0xBAC6,	0x0000,
    0xBAC8,	0x0000,
    0xBACA,	0x0000,
    0xBACC,	0x0000,
    0xBAE6,	0x0000,
    0xBAE8,	0x0000,
    0xBAEA,	0x0000,
    0xBAEC,	0x0000,
    0xBAEE,	0x0000,
    0xBAF0,	0x0000,
    0xBAF2,	0x0000,
    0xBAF4,	0x0000,
    0xBB0E,	0x0000,
    0xBB10,	0x0000,
    0xBB12,	0x0000,
    0xBB14,	0x0000,
    0xBB16,	0x0000,
    0xBB18,	0x0000,
    0xBB1A,	0x0000,
    0xBB1C,	0x0000,
    0xBB36,	0x0000,
    0xBB38,	0x0000,
    0xBB3A,	0x0000,
    0xBB3C,	0x0000,
    0xBB3E,	0x0000,
    0xBB40,	0x0000,
    0xBB42,	0x0000,
    0xBB44,	0x0000,
    0xBB5E,	0x0000,
    0xBB60,	0x0000,
    0xBB62,	0x0000,
    0xBB64,	0x0000,
    0xBB66,	0x0000,
    0xBB68,	0x0000,
    0xBB6A,	0x0000,
    0xBB6C,	0x0000,
    0xCE9A,	0x0200,
    0xCEA2,	0x0006,
    0xCEB0,	0x0000,
    0xCEE4,	0x0040,
    0xCEEC,	0x0006,
    0xCEEE,	0x0100,
    0xCEF8,	0x03E8,
    0xCEFA,	0x0080,
    0xCEFC,	0x0080,
    0xCEFE,	0x03E8,
    0xCF00,	0x0080,
    0xCF02,	0x0080,
    0xCF04,	0x0100,
    0xCF08,	0x0040,
    0xA8B0,	0x0440,
    0xA8B6,	0x0000,
    0xA8B8,	0x0101,
    0xA8BE,	0x0000,
    0xA8C0,	0x0000,
    0xA8C2,	0x0000,
    0xA8C4,	0x0000,
    0xA8D6,	0x0000,
    0xA8D8,	0x0000,
    0xA8DA,	0x0000,
    0xA8DC,	0x0000,
    0xA8DE,	0x0000,
    0xA8E0,	0x0000,
    0xA8E2,	0x0000,
    0xA8E4,	0x0000,
    0xA8E6,	0x0000,
    0xA8E8,	0x0000,
    0xA8EA,	0x0000,
    0xA8EC,	0x0000,
    0xA8EE,	0x0000,
    0xA8F0,	0x0000,
    0xA8F2,	0x0000,
    0xA8F4,	0x0000,
    0xA8F6,	0x0000,
    0xA8F8,	0x0000,
    0xA8FA,	0x0000,
    0xA8FC,	0x0000,
    0xA8FE,	0x0000,
    0xA900,	0x0000,
    0xA902,	0x0000,
    0xA904,	0x0000,
    0xA906,	0x0000,
    0xA908,	0x0000,
    0xA90A,	0x0000,
    0xA90C,	0x0000,
    0xA90E,	0x0000,
    0xA910,	0x0000,
    0xA912,	0x0000,
    0xA914,	0x0000,
    0xA916,	0x0000,
    0xA918,	0x0000,
    0xA91A,	0x0000,
    0xA91C,	0x0000,
    0xA91E,	0x0000,
    0xA920,	0x0000,
    0xA922,	0x0000,
    0xA924,	0x0000,
    0xA926,	0x0000,
    0xA928,	0x0000,
    0xA92A,	0x0000,
    0xA92C,	0x0000,
    0xA92E,	0x0000,
    0xA930,	0x0000,
    0xA932,	0x0000,
    0xA934,	0x0000,
    0xA936,	0x0000,
    0xA938,	0x0000,
    0xA93A,	0x0000,
    0xA93C,	0x0000,
    0xA93E,	0x0000,
    0xA940,	0x0000,
    0xA942,	0x0000,
    0xA944,	0x0000,
    0xA946,	0x0000,
    0xA948,	0x0000,
    0xA94A,	0x0000,
    0xA94C,	0x0000,
    0xA94E,	0x0000,
    0xA950,	0x0000,
    0xA952,	0x0000,
    0xA954,	0x0000,
    0xA956,	0x0000,
    0xA958,	0x0000,
    0xA95A,	0x0000,
    0xA95C,	0x0000,
    0xA95E,	0x0000,
    0xA960,	0x0000,
    0xA962,	0x0000,
    0xA964,	0x0000,
    0xA966,	0x0000,
    0xA968,	0x0000,
    0xA96A,	0x0000,
    0xA96C,	0x0000,
    0xA96E,	0x0000,
    0xA970,	0x0000,
    0xA972,	0x0000,
    0xA974,	0x0000,
    0xA976,	0x0000,
    0xAA6A,	0x0000,
    0xAA6C,	0x0000,
    0xAA6E,	0x0000,
    0xAABE,	0x0000,
    0xAAC0,	0x0000,
    0xAAC2,	0x0000,
    0xFCFC,	0x2001,
    0xE300,	0x0101,
    0xE30E,	0x0100,
    0xFCFC,	0x4000,
    0xF848,	0x01FF,
    0xF87E,	0x0114,
    0xF976,	0x0618,
    0xF978,	0x0005,
    0xFA3C,	0x0000,
    0xFA3E,	0x0000,
    0x081E,	0x1000,
};

static u16 s5kgn9sp_custom3_setting[] = {
    0xFCFC,	0x2000,
    0x0EDC,	0x0000,
    0x0EDE,	0x0000,
    0xFCFC,	0x4000,
    0x0B30,	0x01FF,
    0xFCFC,	0x4000,
    0xA102,	0x0B02,
    0x0344,	0x0000,
    0x0346,	0x02F0,
    0x0348,	0x1FFF,
    0x034A,	0x152F,
    0x034C,	0x0800,
    0x034E,	0x0480,
    0x0340,	0x17F8,
    0x0342,	0x0B00,
    0x0900,	0x3344,
    0x0380,	0x0002,
    0x0382,	0x0006,
    0x0384,	0x0002,
    0x0386,	0x0006,
    0x0350,	0x0000,
    0x0352,	0x0008,
    0x0136,	0x1800,
    0x013E,	0x0000,
    0x0304,	0x0003,
    0x0306,	0x0082,
    0x030C,	0x0000,
    0x030E,	0x0003,
    0x0310,	0x0079,
    0x0312,	0x0000,
    0x0B08,	0x0000,
    0x0BCA,	0x0101,
    0x0BCC,	0x0100,
    0x0202,	0x0004,
    0x0226,	0x0100,
    0x0702,	0x0000,
    0x0704,	0x0000,
    0x0204,	0x0020,
    0x0206,	0x0020,
    0x0112,	0x0A0A,
    0x0114,	0x0301,
    0x0118,	0x0004,
    0x011A,	0x0001,
    0x011C,	0x0101,
    0x021E,	0x0000,
    0x0228,	0x0100,
    0x0260,	0x0002,
    0x0262,	0x0300,
    0x0264,	0x0104,
    0x0266,	0x0500,
    0x0274,	0x2B2B,
    0x0D00,	0x0101,
    0x0D02,	0x0101,
    0x0D06,	0x0000,
    0x0D08,	0x0000,
    0x0D0C,	0x0000,
    0x0D0E,	0x0000,
    0x0FF4,	0x4088,
    0xFCFC,	0x2000,
    0xC640,	0x0200,
    0xC644,	0x480C,
    0xCAB6,	0x0000,
    0xCC0C,	0x0200,
    0xCC10,	0x015A,
    0xCBAA,	0x5B00,
    0xCBB6,	0x00FF,
    0xC120,	0x0200,
    0xC122,	0x5588,
    0xC12A,	0x0000,
    0xC12C,	0x123D,
    0xC176,	0x0301,
    0xC134,	0x0201,
    0xC13A,	0x0000,
    0xC13C,	0x0001,
    0xC15A,	0x00FF,
    0x4708,	0x000F,
    0x471A,	0x0000,
    0x0F2C,	0x0001,
    0x0EC2,	0x0101,
    0x4864,	0x0102,
    0x48BE,	0x0001,
    0x5CF2,	0x4422,
    0x62E0,	0x0204,
    0x59EC,	0x0000,
    0x5A16,	0x0001,
    0x5A64,	0x011E,
    0x5CC6,	0x033F,
    0x5CCA,	0x0000,
    0x5CCE,	0x0000,
    0x5ABA,	0x0001,
    0x5ACA,	0x0000,
    0x5AC6,	0x0000,
    0x5AD6,	0x000D,
    0x5AD8,	0x0000,
    0x5ADA,	0x0000,
    0x5ADC,	0x0001,
    0x5AE2,	0x0028,
    0x5AE4,	0x003C,
    0x5AE6,	0x00A8,
    0x5AE8,	0x00E0,
    0x5AEA,	0x01BC,
    0x5AEC,	0x027C,
    0xC500,	0x0008,
    0xC504,	0x0400,
    0xC508,	0x0201,
    0xC60A,	0x0104,
    0xC60C,	0x0400,
    0xCBA8,	0x00FA,
    0xCBAE,	0x0001,
    0x0E70,	0x1000,
    0x6434,	0x0000,
    0x6436,	0x0B0A,
    0x643C,	0x0707,
    0x6446,	0x0006,
    0x8860,	0x0100,
    0x6430,	0x0010,
    0x6432,	0x000C,
    0xA884,	0x0019,
    0x8872,	0x0023,
    0x887C,	0x0019,
    0x887A,	0x0001,
    0x8870,	0x000F,
    0xA882,	0x0010,
    0xA888,	0x0000,
    0xA88A,	0x0001,
    0x887E,	0x0001,
    0x8876,	0xFFFF,
    0x8874,	0x0FFF,
    0x6460,	0xFFFD,
    0x6462,	0x0003,
    0x6464,	0x0002,
    0x6466,	0x0003,
    0x6468,	0x0000,
    0x646A,	0x0000,
    0x646C,	0x0001,
    0x646E,	0x0000,
    0x6470,	0x0000,
    0x6472,	0x0001,
    0x6474,	0xFFFF,
    0x6476,	0xFFFF,
    0x6478,	0xFFFB,
    0x647A,	0xFFF8,
    0x647C,	0xFFF0,
    0x647E,	0xFFEF,
    0x6480,	0xFFFD,
    0x6482,	0x0000,
    0x6484,	0x0002,
    0x6486,	0x0001,
    0x6488,	0xFFFF,
    0x648A,	0x0000,
    0x648C,	0xFFFF,
    0x648E,	0x0003,
    0x6490,	0x0001,
    0x6492,	0x0000,
    0x6494,	0xFFFF,
    0x6496,	0xFFFC,
    0x6498,	0xFFFA,
    0x649A,	0xFFF4,
    0x649C,	0xFFF3,
    0x649E,	0xFFE7,
    0x64A0,	0xFFFD,
    0x64A2,	0xFFFF,
    0x64A4,	0x0001,
    0x64A6,	0x0002,
    0x64A8,	0x0001,
    0x64AA,	0x0000,
    0x64AC,	0x0002,
    0x64AE,	0x0000,
    0x64B0,	0xFFFE,
    0x64B2,	0x0002,
    0x64B4,	0xFFFE,
    0x64B6,	0xFFFE,
    0x64B8,	0xFFFC,
    0x64BA,	0xFFF6,
    0x64BC,	0xFFF1,
    0x64BE,	0xFFE3,
    0x64C0,	0xFFFD,
    0x64C2,	0x0003,
    0x64C4,	0x0004,
    0x64C6,	0x0005,
    0x64C8,	0x0003,
    0x64CA,	0xFFFF,
    0x64CC,	0x0002,
    0x64CE,	0x0002,
    0x64D0,	0x0004,
    0x64D2,	0x0002,
    0x64D4,	0x0001,
    0x64D6,	0xFFFE,
    0x64D8,	0xFFFE,
    0x64DA,	0xFFF9,
    0x64DC,	0xFFF1,
    0x64DE,	0xFFE3,
    0x64E0,	0xFFFF,
    0x64E2,	0x0003,
    0x64E4,	0x0004,
    0x64E6,	0x0004,
    0x64E8,	0x0004,
    0x64EA,	0x0004,
    0x64EC,	0x0002,
    0x64EE,	0x0006,
    0x64F0,	0x0002,
    0x64F2,	0x0003,
    0x64F4,	0x0003,
    0x64F6,	0xFFFE,
    0x64F8,	0xFFFE,
    0x64FA,	0xFFF7,
    0x64FC,	0xFFF3,
    0x64FE,	0xFFE6,
    0x6500,	0xFFFE,
    0x6502,	0x0004,
    0x6504,	0x0004,
    0x6506,	0x0005,
    0x6508,	0x0005,
    0x650A,	0x0003,
    0x650C,	0x0006,
    0x650E,	0x0003,
    0x6510,	0x0006,
    0x6512,	0x0000,
    0x6514,	0x0003,
    0x6516,	0x0000,
    0x6518,	0xFFFB,
    0x651A,	0xFFFA,
    0x651C,	0xFFF2,
    0x651E,	0xFFE4,
    0x6520,	0x0002,
    0x6522,	0x0005,
    0x6524,	0x0007,
    0x6526,	0x0006,
    0x6528,	0x0003,
    0x652A,	0x0006,
    0x652C,	0x0004,
    0x652E,	0x0005,
    0x6530,	0x0005,
    0x6532,	0x0004,
    0x6534,	0x0002,
    0x6536,	0x0000,
    0x6538,	0x0001,
    0x653A,	0xFFFA,
    0x653C,	0xFFF3,
    0x653E,	0xFFE7,
    0x6540,	0x0002,
    0x6542,	0x0006,
    0x6544,	0x0007,
    0x6546,	0x0006,
    0x6548,	0x0006,
    0x654A,	0x0005,
    0x654C,	0x0007,
    0x654E,	0x0006,
    0x6550,	0x0007,
    0x6552,	0x0005,
    0x6554,	0x0005,
    0x6556,	0x0002,
    0x6558,	0xFFFD,
    0x655A,	0xFFF9,
    0x655C,	0xFFF6,
    0x655E,	0xFFE8,
    0x6560,	0x0002,
    0x6562,	0x0003,
    0x6564,	0x0007,
    0x6566,	0x0006,
    0x6568,	0x0004,
    0x656A,	0x0004,
    0x656C,	0x0006,
    0x656E,	0x0004,
    0x6570,	0x0005,
    0x6572,	0x0005,
    0x6574,	0x0003,
    0x6576,	0x0000,
    0x6578,	0xFFFF,
    0x657A,	0xFFFC,
    0x657C,	0xFFF4,
    0x657E,	0xFFE8,
    0x6580,	0x0000,
    0x6582,	0x0004,
    0x6584,	0x0007,
    0x6586,	0x0005,
    0x6588,	0x0004,
    0x658A,	0x0005,
    0x658C,	0x0007,
    0x658E,	0x0006,
    0x6590,	0x0006,
    0x6592,	0x0005,
    0x6594,	0x0002,
    0x6596,	0x0002,
    0x6598,	0xFFFF,
    0x659A,	0xFFFA,
    0x659C,	0xFFF3,
    0x659E,	0xFFE8,
    0x65A0,	0x0001,
    0x65A2,	0x0005,
    0x65A4,	0x0006,
    0x65A6,	0x0005,
    0x65A8,	0x0004,
    0x65AA,	0x0002,
    0x65AC,	0x0004,
    0x65AE,	0x0002,
    0x65B0,	0x0005,
    0x65B2,	0x0004,
    0x65B4,	0x0004,
    0x65B6,	0x0000,
    0x65B8,	0x0001,
    0x65BA,	0xFFF8,
    0x65BC,	0xFFF7,
    0x65BE,	0xFFE6,
    0x65C0,	0x0004,
    0x65C2,	0x0004,
    0x65C4,	0x000C,
    0x65C6,	0x0007,
    0x65C8,	0x0005,
    0x65CA,	0x0001,
    0x65CC,	0x0005,
    0x65CE,	0x0004,
    0x65D0,	0x0008,
    0x65D2,	0x0005,
    0x65D4,	0x0003,
    0x65D6,	0x0001,
    0x65D8,	0x0001,
    0x65DA,	0xFFFC,
    0x65DC,	0xFFF6,
    0x65DE,	0xFFEA,
    0x46C4,	0x0100,
    0x5BB4,	0x0502,
    0x5BC8,	0x090B,
    0x41E4,	0x0000,
    0x41EC,	0x0200,
    0x41F8,	0x0200,
    0x4394,	0x0000,
    0x4396,	0x0000,
    0x4398,	0x0000,
    0x439A,	0x0000,
    0x474C,	0x0201,
    0x474E,	0x0101,
    0x4784,	0x0000,
    0x4786,	0x0000,
    0x4788,	0x0000,
    0x478A,	0x0000,
    0x48A6,	0x4008,
    0x48A8,	0x1040,
    0x0E1C,	0x0300,
    0x0E52,	0x0401,
    0x0E56,	0x0401,
    0x5A70,	0x0080,
    0x48EC,	0x0001,
    0x48EE,	0x0001,
    0x48F0,	0x0000,
    0x48F2,	0x000C,
    0x48F4,	0x0001,
    0x48F6,	0x0005,
    0x48F8,	0x0001,
    0x48FA,	0x0005,
    0x4900,	0x0005,
    0x4902,	0x000B,
    0x4904,	0x0008,
    0x4906,	0x0007,
    0x4908,	0x0005,
    0x490A,	0x000B,
    0x490C,	0x0003,
    0x4910,	0x0041,
    0x4912,	0x0041,
    0x491C,	0x0003,
    0x4920,	0x0003,
    0x4924,	0x0001,
    0x4926,	0x000B,
    0x4928,	0x000F,
    0x492A,	0x000A,
    0x4934,	0x0003,
    0x4938,	0x003C,
    0x493A,	0x003C,
    0x4950,	0x00D9,
    0x4952,	0x00D9,
    0x4954,	0x000C,
    0x4958,	0x000B,
    0x495C,	0x0003,
    0x4960,	0x0001,
    0x4964,	0x0001,
    0x4968,	0x000A,
    0x496C,	0x000C,
    0x4978,	0x0008,
    0x497C,	0x0008,
    0x4980,	0x002D,
    0x4982,	0x0007,
    0x498C,	0x0041,
    0x498E,	0x0064,
    0x49A0,	0x0001,
    0x49A4,	0x0004,
    0x49A8,	0x0001,
    0x49AA,	0x0005,
    0x49AC,	0x0001,
    0x49AE,	0x0005,
    0x49B8,	0x000A,
    0x49C0,	0x000A,
    0x49C8,	0x000A,
    0x49F4,	0x000F,
    0x49F6,	0x0010,
    0x49F8,	0x002F,
    0x49FA,	0x0032,
    0x4ADC,	0x001B,
    0x4ADE,	0x001A,
    0x4AE0,	0x002F,
    0x4AE2,	0x0050,
    0x4AE4,	0x00A5,
    0x4AE6,	0x0096,
    0x4C00,	0x0012,
    0x4C02,	0x0012,
    0x4C04,	0x0001,
    0x4C06,	0x0001,
    0x4C10,	0x0009,
    0x4C12,	0x0009,
    0x4C2C,	0x8120,
    0x4C34,	0x0007,
    0x4C3C,	0x0007,
    0x4C40,	0x0258,
    0x4C42,	0x04BC,
    0x4CB4,	0x0001,
    0x4CB8,	0x00CF,
    0x4CBC,	0x011A,
    0x4CC0,	0x0257,
    0x4D2C,	0x8050,
    0x50C8,	0x02C0,
    0x50CA,	0x04C8,
    0x50D0,	0x0200,
    0x50D2,	0x0000,
    0x50DE,	0x0909,
    0x50E0,	0x0D0D,
    0x50E2,	0x0404,
    0x50E4,	0x0404,
    0x50FC,	0x001E,
    0x50FE,	0x0083,
    0x5100,	0xE48D,
    0x5102,	0xFF67,
    0x5108,	0x0000,
    0x510A,	0x90C1,
    0x5136,	0x0000,
    0x515C,	0x0000,
    0x5336,	0x6672,
    0x533A,	0x0029,
    0x53E8,	0x1108,
    0x53EA,	0x0812,
    0x541C,	0x4000,
    0x541E,	0xF462,
    0x5420,	0x4000,
    0x5422,	0xF818,
    0x546E,	0x0007,
    0x5470,	0x0019,
    0x5472,	0x0023,
    0x5474,	0x002A,
    0x5476,	0x002E,
    0x5482,	0x000C,
    0x5484,	0x000C,
    0x5486,	0x000C,
    0x5488,	0x000C,
    0x548A,	0x000C,
    0x548C,	0x0014,
    0x548E,	0x0012,
    0x5490,	0x000F,
    0x5492,	0x000F,
    0x5494,	0x000F,
    0x54A0,	0x0000,
    0x54A2,	0x0000,
    0x54A4,	0x0000,
    0x54A6,	0x0000,
    0x54A8,	0x0000,
    0x54AA,	0x000C,
    0x54AC,	0x000C,
    0x54AE,	0x000C,
    0x54B0,	0x000C,
    0x54B2,	0x000C,
    0x54BE,	0x000C,
    0x54C0,	0x000C,
    0x54C2,	0x000C,
    0x54C4,	0x000C,
    0x54C6,	0x000C,
    0x54C8,	0x0000,
    0x54CA,	0x0000,
    0x54CC,	0x0000,
    0x54CE,	0x0000,
    0x54D0,	0x0000,
    0x54DC,	0x0000,
    0x54DE,	0x0000,
    0x54E0,	0x0000,
    0x54E2,	0x0000,
    0x54E4,	0x0000,
    0x54E6,	0x0000,
    0x54E8,	0x0000,
    0x54EA,	0x0000,
    0x54EC,	0x0000,
    0x54EE,	0x0000,
    0x54FA,	0x0000,
    0x54FC,	0x0000,
    0x54FE,	0x0000,
    0x5500,	0x0000,
    0x5502,	0x0000,
    0x5504,	0x0025,
    0x5506,	0x0025,
    0x5508,	0x0025,
    0x550A,	0x0025,
    0x550C,	0x0025,
    0x5518,	0x003F,
    0x551A,	0x003F,
    0x551C,	0x003F,
    0x551E,	0x003F,
    0x5520,	0x003F,
    0x5522,	0x006E,
    0x5524,	0x006E,
    0x5526,	0x006E,
    0x5528,	0x006E,
    0x552A,	0x006E,
    0x5536,	0x006E,
    0x5538,	0x006E,
    0x553A,	0x006E,
    0x553C,	0x006E,
    0x553E,	0x006E,
    0x5540,	0x6672,
    0x5542,	0x6672,
    0x5544,	0x6672,
    0x5546,	0x6672,
    0x5548,	0x6672,
    0x5554,	0x6672,
    0x5556,	0x6672,
    0x5558,	0x6672,
    0x555A,	0x6672,
    0x555C,	0x6672,
    0xCCA8,	0x0005,
    0xCCAA,	0x003C,
    0xCCC6,	0x0019,
    0xCCC8,	0x001E,
    0xCCCA,	0x0023,
    0xCCCC,	0x0028,
    0xCCCE,	0x0028,
    0xCCD0,	0x0014,
    0xCCD2,	0x0019,
    0xCCD4,	0x001E,
    0xCCD6,	0x0023,
    0xCCD8,	0x0023,
    0xCCF0,	0x002E,
    0xCCF2,	0x0023,
    0xCCF4,	0x0041,
    0xCCF8,	0x0020,
    0xCCFA,	0x0020,
    0xCD16,	0x0005,
    0xCD18,	0x000F,
    0xCD1A,	0x0014,
    0xCD1C,	0x0019,
    0xCD1E,	0x0019,
    0xCD20,	0x0005,
    0xCD22,	0x000A,
    0xCD24,	0x000F,
    0xCD26,	0x0014,
    0xCD28,	0x0014,
    0xB9BC,	0x0100,
    0xBB96,	0x0002,
    0xBB9A,	0x0002,
    0xBBA6,	0x0001,
    0xBBAA,	0x0001,
    0xBBD6,	0xFFFE,
    0xBBD8,	0x0000,
    0xBBDA,	0xFFFC,
    0xBBDC,	0x0000,
    0xBBDE,	0x0000,
    0xBBE0,	0x0000,
    0xBBE2,	0x0000,
    0xBBE4,	0x0000,
    0xBBE6,	0xFFFD,
    0xBBE8,	0x0000,
    0xBBEA,	0xFFFF,
    0xBBEC,	0x0000,
    0xBBEE,	0x0000,
    0xBBF0,	0x0000,
    0xBBF2,	0x0000,
    0xBBF4,	0x0000,
    0xBBF6,	0x0000,
    0xBBFA,	0x0000,
    0xBC06,	0x0000,
    0xBC0A,	0x0000,
    0xBC58,	0x0000,
    0xBC5A,	0x0000,
    0xBC5C,	0x0000,
    0xBC5E,	0x0000,
    0xBC60,	0x0000,
    0xBC62,	0x0000,
    0xBC64,	0x0000,
    0xBC66,	0x0000,
    0xBC68,	0x0000,
    0xBC6A,	0x0000,
    0xBC6C,	0x0000,
    0xBC6E,	0x0000,
    0xBC70,	0x0000,
    0xBC72,	0x0000,
    0xBC74,	0x0000,
    0xBC76,	0x0000,
    0xBA44,	0x0000,
    0xBA46,	0x0100,
    0xBA48,	0x1000,
    0xBA4A,	0x1000,
    0xBA4C,	0x0FE2,
    0xBA4E,	0x0000,
    0xBA50,	0x0000,
    0xBA52,	0x0000,
    0xBA54,	0x0000,
    0xBA6E,	0x0100,
    0xBA70,	0x1000,
    0xBA72,	0x1000,
    0xBA74,	0x1000,
    0xBA76,	0x0000,
    0xBA78,	0x0000,
    0xBA7A,	0x0000,
    0xBA7C,	0x0000,
    0xBA96,	0x0100,
    0xBA98,	0x1000,
    0xBA9A,	0x1000,
    0xBA9C,	0x1000,
    0xBA9E,	0x0000,
    0xBAA0,	0x0000,
    0xBAA2,	0x0000,
    0xBAA4,	0x0000,
    0xBABE,	0x0100,
    0xBAC0,	0x1000,
    0xBAC2,	0x1000,
    0xBAC4,	0x0FE2,
    0xBAC6,	0x0000,
    0xBAC8,	0x0000,
    0xBACA,	0x0000,
    0xBACC,	0x0000,
    0xBAE6,	0x0000,
    0xBAE8,	0x0000,
    0xBAEA,	0x0000,
    0xBAEC,	0x0000,
    0xBAEE,	0x0000,
    0xBAF0,	0x0000,
    0xBAF2,	0x0000,
    0xBAF4,	0x0000,
    0xBB0E,	0x0000,
    0xBB10,	0x0000,
    0xBB12,	0x0000,
    0xBB14,	0x0000,
    0xBB16,	0x0000,
    0xBB18,	0x0000,
    0xBB1A,	0x0000,
    0xBB1C,	0x0000,
    0xBB36,	0x0000,
    0xBB38,	0x0000,
    0xBB3A,	0x0000,
    0xBB3C,	0x0000,
    0xBB3E,	0x0000,
    0xBB40,	0x0000,
    0xBB42,	0x0000,
    0xBB44,	0x0000,
    0xBB5E,	0x0000,
    0xBB60,	0x0000,
    0xBB62,	0x0000,
    0xBB64,	0x0000,
    0xBB66,	0x0000,
    0xBB68,	0x0000,
    0xBB6A,	0x0000,
    0xBB6C,	0x0000,
    0xCE9A,	0x0200,
    0xCEA2,	0x0006,
    0xCEB0,	0x0000,
    0xCEE4,	0x0040,
    0xCEEC,	0x0006,
    0xCEEE,	0x0100,
    0xCEF8,	0x03E8,
    0xCEFA,	0x0080,
    0xCEFC,	0x0080,
    0xCEFE,	0x03E8,
    0xCF00,	0x0080,
    0xCF02,	0x0080,
    0xCF04,	0x0100,
    0xCF08,	0x0040,
    0xA8B0,	0x0440,
    0xA8B6,	0x0000,
    0xA8B8,	0x0101,
    0xA8BE,	0x0000,
    0xA8C0,	0x0000,
    0xA8C2,	0x0000,
    0xA8C4,	0x0000,
    0xA8D6,	0x0000,
    0xA8D8,	0x0000,
    0xA8DA,	0x0000,
    0xA8DC,	0x0000,
    0xA8DE,	0x0000,
    0xA8E0,	0x0000,
    0xA8E2,	0x0000,
    0xA8E4,	0x0000,
    0xA8E6,	0x0000,
    0xA8E8,	0x0000,
    0xA8EA,	0x0000,
    0xA8EC,	0x0000,
    0xA8EE,	0x0000,
    0xA8F0,	0x0000,
    0xA8F2,	0x0000,
    0xA8F4,	0x0000,
    0xA8F6,	0x0000,
    0xA8F8,	0x0000,
    0xA8FA,	0x0000,
    0xA8FC,	0x0000,
    0xA8FE,	0x0000,
    0xA900,	0x0000,
    0xA902,	0x0000,
    0xA904,	0x0000,
    0xA906,	0x0000,
    0xA908,	0x0000,
    0xA90A,	0x0000,
    0xA90C,	0x0000,
    0xA90E,	0x0000,
    0xA910,	0x0000,
    0xA912,	0x0000,
    0xA914,	0x0000,
    0xA916,	0x0000,
    0xA918,	0x0000,
    0xA91A,	0x0000,
    0xA91C,	0x0000,
    0xA91E,	0x0000,
    0xA920,	0x0000,
    0xA922,	0x0000,
    0xA924,	0x0000,
    0xA926,	0x0000,
    0xA928,	0x0000,
    0xA92A,	0x0000,
    0xA92C,	0x0000,
    0xA92E,	0x0000,
    0xA930,	0x0000,
    0xA932,	0x0000,
    0xA934,	0x0000,
    0xA936,	0x0000,
    0xA938,	0x0000,
    0xA93A,	0x0000,
    0xA93C,	0x0000,
    0xA93E,	0x0000,
    0xA940,	0x0000,
    0xA942,	0x0000,
    0xA944,	0x0000,
    0xA946,	0x0000,
    0xA948,	0x0000,
    0xA94A,	0x0000,
    0xA94C,	0x0000,
    0xA94E,	0x0000,
    0xA950,	0x0000,
    0xA952,	0x0000,
    0xA954,	0x0000,
    0xA956,	0x0000,
    0xA958,	0x0000,
    0xA95A,	0x0000,
    0xA95C,	0x0000,
    0xA95E,	0x0000,
    0xA960,	0x0000,
    0xA962,	0x0000,
    0xA964,	0x0000,
    0xA966,	0x0000,
    0xA968,	0x0000,
    0xA96A,	0x0000,
    0xA96C,	0x0000,
    0xA96E,	0x0000,
    0xA970,	0x0000,
    0xA972,	0x0000,
    0xA974,	0x0000,
    0xA976,	0x0000,
    0xAA6A,	0x0000,
    0xAA6C,	0x0000,
    0xAA6E,	0x0000,
    0xAABE,	0x0000,
    0xAAC0,	0x0000,
    0xAAC2,	0x0000,
    0xFCFC,	0x2001,
    0xE300,	0x0101,
    0xE30E,	0x0100,
    0xFCFC,	0x4000,
    0xF848,	0x01FF,
    0xF87E,	0x0114,
    0xF976,	0x0618,
    0xF978,	0x0005,
    0xFA3C,	0x0000,
    0xFA3E,	0x0000,
    0x081E,	0x1000,
};

static u16 s5kgn9sp_custom4_setting[] = {
   0xFCFC,	0x2000,
   0x0EDC,	0x0000,
   0x0EDE,	0x0000,
   0xFCFC,	0x4000,
   0x0B30,	0x01FF,
   0xFCFC,	0x4000,
   0xA102,	0x0B02,
   0x0344,	0x0010,
   0x0346,	0x0318,
   0x0348,	0x1FEF,
   0x034A,	0x1507,
   0x034C,	0x0FF0,
   0x034E,	0x08F8,
   0x0340,	0x0CCA,
   0x0342,	0x14A0,
   0x0900,	0x2222,
   0x0380,	0x0002,
   0x0382,	0x0002,
   0x0384,	0x0002,
   0x0386,	0x0002,
   0x0350,	0x0000,
   0x0352,	0x0000,
   0x0136,	0x1800,
   0x013E,	0x0000,
   0x0304,	0x0003,
   0x0306,	0x0082,
   0x030C,	0x0000,
   0x030E,	0x0003,
   0x0310,	0x0079,
   0x0312,	0x0000,
   0x0B08,	0x0000,
   0x0BCA,	0x0101,
   0x0BCC,	0x0100,
   0x0202,	0x0004,
   0x0226,	0x0100,
   0x0702,	0x0000,
   0x0704,	0x0000,
   0x0204,	0x0020,
   0x0206,	0x0020,
   0x0112,	0x0A0A,
   0x0114,	0x0301,
   0x0118,	0x0004,
   0x011A,	0x0001,
   0x011C,	0x0101,
   0x021E,	0x0000,
   0x0228,	0x0100,
   0x0260,	0x0002,
   0x0262,	0x0300,
   0x0264,	0x0104,
   0x0266,	0x0500,
   0x0274,	0x2B2B,
   0x0D00,	0x0101,
   0x0D02,	0x0101,
   0x0D06,	0x0000,
   0x0D08,	0x0000,
   0x0D0C,	0x0000,
   0x0D0E,	0x0000,
   0x0FF4,	0x4088,
   0xFCFC,	0x2000,
   0xC640,	0x0200,
   0xC644,	0x480C,
   0xCAB6,	0x0000,
   0xCC0C,	0x0200,
   0xCC10,	0x015A,
   0xCBAA,	0x5D00,
   0xCBB6,	0x00FF,
   0xC120,	0x0200,
   0xC122,	0x5588,
   0xC12A,	0x0000,
   0xC12C,	0x123D,
   0xC176,	0x0301,
   0xC134,	0x0201,
   0xC13A,	0x0000,
   0xC13C,	0x0001,
   0xC15A,	0x00FF,
   0x4708,	0x003E,
   0x471A,	0x0000,
   0x0F2C,	0x0003,
   0x0EC2,	0x0101,
   0x4864,	0x0101,
   0x48BE,	0x0101,
   0x5CF2,	0x4422,
   0x62E0,	0x0203,
   0x59EC,	0x0100,
   0x5A16,	0x0004,
   0x5A64,	0x013E,
   0x5CC6,	0x033F,
   0x5CCA,	0x0000,
   0x5CCE,	0x0000,
   0x5ABA,	0x0001,
   0x5ACA,	0x0000,
   0x5AC6,	0x0000,
   0x5AD6,	0x000A,
   0x5AD8,	0x0001,
   0x5ADA,	0x0000,
   0x5ADC,	0x0032,
   0x5AE2,	0x0028,
   0x5AE4,	0x0069,
   0x5AE6,	0x00AE,
   0x5AE8,	0x00EA,
   0x5AEA,	0x01C7,
   0x5AEC,	0x0283,
   0xC500,	0x0010,
   0xC504,	0x0800,
   0xC508,	0x0101,
   0xC60A,	0x0000,
   0xC60C,	0x0000,
   0xCBA8,	0x00DA,
   0xCBAE,	0x0000,
   0x0E70,	0x1000,
   0x6434,	0x0000,
   0x6436,	0x0B06,
   0x643C,	0xFFFF,
   0x6446,	0x0006,
   0x8860,	0x0100,
   0x6430,	0x0010,
   0x6432,	0x000C,
   0xA884,	0x007F,
   0x8872,	0x0014,
   0x887C,	0x0000,
   0x887A,	0x0001,
   0x8870,	0x0005,
   0xA882,	0x00FF,
   0xA888,	0x0000,
   0xA88A,	0xFFFF,
   0x887E,	0x0000,
   0x8876,	0x001E,
   0x8874,	0x0000,
   0x6460,	0x0000,
   0x6462,	0x0000,
   0x6464,	0x0000,
   0x6466,	0x0000,
   0x6468,	0x0000,
   0x646A,	0x0000,
   0x646C,	0x0000,
   0x646E,	0x0000,
   0x6470,	0x0000,
   0x6472,	0x0000,
   0x6474,	0x0000,
   0x6476,	0x0000,
   0x6478,	0x0000,
   0x647A,	0x0000,
   0x647C,	0x0000,
   0x647E,	0x0000,
   0x6480,	0x0000,
   0x6482,	0x0000,
   0x6484,	0x0000,
   0x6486,	0x0000,
   0x6488,	0x0000,
   0x648A,	0x0000,
   0x648C,	0x0000,
   0x648E,	0x0000,
   0x6490,	0x0000,
   0x6492,	0x0000,
   0x6494,	0x0000,
   0x6496,	0x0000,
   0x6498,	0x0000,
   0x649A,	0x0000,
   0x649C,	0x0000,
   0x649E,	0x0000,
   0x64A0,	0x0000,
   0x64A2,	0x0000,
   0x64A4,	0x0000,
   0x64A6,	0x0000,
   0x64A8,	0x0000,
   0x64AA,	0x0000,
   0x64AC,	0x0000,
   0x64AE,	0x0000,
   0x64B0,	0x0000,
   0x64B2,	0x0000,
   0x64B4,	0x0000,
   0x64B6,	0x0000,
   0x64B8,	0x0000,
   0x64BA,	0x0000,
   0x64BC,	0x0000,
   0x64BE,	0x0000,
   0x64C0,	0x0000,
   0x64C2,	0x0000,
   0x64C4,	0x0000,
   0x64C6,	0x0000,
   0x64C8,	0x0000,
   0x64CA,	0x0000,
   0x64CC,	0x0000,
   0x64CE,	0x0000,
   0x64D0,	0x0000,
   0x64D2,	0x0000,
   0x64D4,	0x0000,
   0x64D6,	0x0000,
   0x64D8,	0x0000,
   0x64DA,	0x0000,
   0x64DC,	0x0000,
   0x64DE,	0x0000,
   0x64E0,	0x0000,
   0x64E2,	0x0000,
   0x64E4,	0x0000,
   0x64E6,	0x0000,
   0x64E8,	0x0000,
   0x64EA,	0x0000,
   0x64EC,	0x0000,
   0x64EE,	0x0000,
   0x64F0,	0x0000,
   0x64F2,	0x0000,
   0x64F4,	0x0000,
   0x64F6,	0x0000,
   0x64F8,	0x0000,
   0x64FA,	0x0000,
   0x64FC,	0x0000,
   0x64FE,	0x0000,
   0x6500,	0x0000,
   0x6502,	0x0000,
   0x6504,	0x0000,
   0x6506,	0x0000,
   0x6508,	0x0000,
   0x650A,	0x0000,
   0x650C,	0x0000,
   0x650E,	0x0000,
   0x6510,	0x0000,
   0x6512,	0x0000,
   0x6514,	0x0000,
   0x6516,	0x0000,
   0x6518,	0x0000,
   0x651A,	0x0000,
   0x651C,	0x0000,
   0x651E,	0x0000,
   0x6520,	0x0000,
   0x6522,	0x0000,
   0x6524,	0x0000,
   0x6526,	0x0000,
   0x6528,	0x0000,
   0x652A,	0x0000,
   0x652C,	0x0000,
   0x652E,	0x0000,
   0x6530,	0x0000,
   0x6532,	0x0000,
   0x6534,	0x0000,
   0x6536,	0x0000,
   0x6538,	0x0000,
   0x653A,	0x0000,
   0x653C,	0x0000,
   0x653E,	0x0000,
   0x6540,	0x0000,
   0x6542,	0x0000,
   0x6544,	0x0000,
   0x6546,	0x0000,
   0x6548,	0x0000,
   0x654A,	0x0000,
   0x654C,	0x0000,
   0x654E,	0x0000,
   0x6550,	0x0000,
   0x6552,	0x0000,
   0x6554,	0x0000,
   0x6556,	0x0000,
   0x6558,	0x0000,
   0x655A,	0x0000,
   0x655C,	0x0000,
   0x655E,	0x0000,
   0x6560,	0x0000,
   0x6562,	0x0000,
   0x6564,	0x0000,
   0x6566,	0x0000,
   0x6568,	0x0000,
   0x656A,	0x0000,
   0x656C,	0x0000,
   0x656E,	0x0000,
   0x6570,	0x0000,
   0x6572,	0x0000,
   0x6574,	0x0000,
   0x6576,	0x0000,
   0x6578,	0x0000,
   0x657A,	0x0000,
   0x657C,	0x0000,
   0x657E,	0x0000,
   0x6580,	0x0000,
   0x6582,	0x0000,
   0x6584,	0x0000,
   0x6586,	0x0000,
   0x6588,	0x0000,
   0x658A,	0x0000,
   0x658C,	0x0000,
   0x658E,	0x0000,
   0x6590,	0x0000,
   0x6592,	0x0000,
   0x6594,	0x0000,
   0x6596,	0x0000,
   0x6598,	0x0000,
   0x659A,	0x0000,
   0x659C,	0x0000,
   0x659E,	0x0000,
   0x65A0,	0x0000,
   0x65A2,	0x0000,
   0x65A4,	0x0000,
   0x65A6,	0x0000,
   0x65A8,	0x0000,
   0x65AA,	0x0000,
   0x65AC,	0x0000,
   0x65AE,	0x0000,
   0x65B0,	0x0000,
   0x65B2,	0x0000,
   0x65B4,	0x0000,
   0x65B6,	0x0000,
   0x65B8,	0x0000,
   0x65BA,	0x0000,
   0x65BC,	0x0000,
   0x65BE,	0x0000,
   0x65C0,	0x0000,
   0x65C2,	0x0000,
   0x65C4,	0x0000,
   0x65C6,	0x0000,
   0x65C8,	0x0000,
   0x65CA,	0x0000,
   0x65CC,	0x0000,
   0x65CE,	0x0000,
   0x65D0,	0x0000,
   0x65D2,	0x0000,
   0x65D4,	0x0000,
   0x65D6,	0x0000,
   0x65D8,	0x0000,
   0x65DA,	0x0000,
   0x65DC,	0x0000,
   0x65DE,	0x0000,
   0x46C4,	0x0100,
   0x5BB4,	0x0502,
   0x5BC8,	0x090B,
   0x41E4,	0x0000,
   0x41EC,	0x0200,
   0x41F8,	0x0200,
   0x4394,	0x0000,
   0x4396,	0x0000,
   0x4398,	0x0000,
   0x439A,	0x0000,
   0x474C,	0x0201,
   0x474E,	0x0101,
   0x4784,	0x00B7,
   0x4786,	0x00F3,
   0x4788,	0x01DC,
   0x478A,	0x0218,
   0x48A6,	0x1008,
   0x48A8,	0x1010,
   0x0E1C,	0x0300,
   0x0E52,	0x0401,
   0x0E56,	0x0401,
   0x5A70,	0x0080,
   0x48EC,	0x0003,
   0x48EE,	0x0001,
   0x48F0,	0x0002,
   0x48F2,	0x000C,
   0x48F4,	0x0001,
   0x48F6,	0x0005,
   0x48F8,	0x0001,
   0x48FA,	0x0005,
   0x4900,	0x000A,
   0x4902,	0x000B,
   0x4904,	0x0003,
   0x4906,	0x0007,
   0x4908,	0x0003,
   0x490A,	0x000B,
   0x490C,	0x0003,
   0x4910,	0x0030,
   0x4912,	0x0030,
   0x491C,	0x0001,
   0x4920,	0x0001,
   0x4924,	0x0001,
   0x4926,	0x000B,
   0x4928,	0x0020,
   0x492A,	0x000A,
   0x4934,	0x0003,
   0x4938,	0x003C,
   0x493A,	0x003C,
   0x4950,	0x00D9,
   0x4952,	0x00D9,
   0x4954,	0x000C,
   0x4958,	0x0001,
   0x495C,	0x0001,
   0x4960,	0x0001,
   0x4964,	0x0001,
   0x4968,	0x000D,
   0x496C,	0x0001,
   0x4978,	0x0005,
   0x497C,	0x000A,
   0x4980,	0x0016,
   0x4982,	0x0007,
   0x498C,	0x0041,
   0x498E,	0x0064,
   0x49A0,	0x0002,
   0x49A4,	0x0002,
   0x49A8,	0x0001,
   0x49AA,	0x0005,
   0x49AC,	0x0001,
   0x49AE,	0x0000,
   0x49B8,	0x000A,
   0x49C0,	0x000A,
   0x49C8,	0x000A,
   0x49F4,	0x000F,
   0x49F6,	0x0010,
   0x49F8,	0x002F,
   0x49FA,	0x0032,
   0x4ADC,	0x001C,
   0x4ADE,	0x001A,
   0x4AE0,	0x0038,
   0x4AE2,	0x0050,
   0x4AE4,	0x00B6,
   0x4AE6,	0x0096,
   0x4C00,	0x0010,
   0x4C02,	0x0010,
   0x4C04,	0x0001,
   0x4C06,	0x0001,
   0x4C10,	0x0010,
   0x4C12,	0x0007,
   0x4C2C,	0x8119,
   0x4C34,	0x0007,
   0x4C3C,	0x0007,
   0x4C40,	0x0258,
   0x4C42,	0x04BC,
   0x4CB4,	0x811F,
   0x4CB8,	0x8003,
   0x4CBC,	0x80EE,
   0x4CC0,	0x0257,
   0x4D2C,	0x0003,
   0x50C8,	0x0294,
   0x50CA,	0x04C8,
   0x50D0,	0x0200,
   0x50D2,	0x0000,
   0x50DE,	0x0809,
   0x50E0,	0x0D0D,
   0x50E2,	0x0804,
   0x50E4,	0x0104,
   0x50FC,	0x001E,
   0x50FE,	0x0083,
   0x5100,	0xE48D,
   0x5102,	0xFFE7,
   0x5108,	0x0000,
   0x510A,	0x93E1,
   0x5136,	0x0100,
   0x515C,	0x0100,
   0x5336,	0x4662,
   0x533A,	0x0829,
   0x53E8,	0x1108,
   0x53EA,	0x0812,
   0x541C,	0x4000,
   0x541E,	0xF462,
   0x5420,	0x4000,
   0x5422,	0xF818,
   0x546E,	0x000C,
   0x5470,	0x0020,
   0x5472,	0x0020,
   0x5474,	0x0020,
   0x5476,	0x0020,
   0x5482,	0x000C,
   0x5484,	0x0020,
   0x5486,	0x002A,
   0x5488,	0x0030,
   0x548A,	0x0033,
   0x548C,	0x0015,
   0x548E,	0x0010,
   0x5490,	0x0000,
   0x5492,	0x0000,
   0x5494,	0x0000,
   0x54A0,	0x000A,
   0x54A2,	0x000A,
   0x54A4,	0x000A,
   0x54A6,	0x000A,
   0x54A8,	0x000A,
   0x54AA,	0x000B,
   0x54AC,	0x000B,
   0x54AE,	0x000B,
   0x54B0,	0x000B,
   0x54B2,	0x000B,
   0x54BE,	0x000B,
   0x54C0,	0x000B,
   0x54C2,	0x000B,
   0x54C4,	0x000B,
   0x54C6,	0x000B,
   0x54C8,	0x0000,
   0x54CA,	0x0000,
   0x54CC,	0x0000,
   0x54CE,	0x0000,
   0x54D0,	0x0000,
   0x54DC,	0x0000,
   0x54DE,	0x0000,
   0x54E0,	0x0000,
   0x54E2,	0x0000,
   0x54E4,	0x0000,
   0x54E6,	0x0000,
   0x54E8,	0x0000,
   0x54EA,	0x0000,
   0x54EC,	0x0000,
   0x54EE,	0x0000,
   0x54FA,	0x0000,
   0x54FC,	0x0000,
   0x54FE,	0x0000,
   0x5500,	0x0000,
   0x5502,	0x0000,
   0x5504,	0x00F0,
   0x5506,	0x00F0,
   0x5508,	0x00F0,
   0x550A,	0x00F0,
   0x550C,	0x00F0,
   0x5518,	0x00F0,
   0x551A,	0x00F0,
   0x551C,	0x00F0,
   0x551E,	0x00F0,
   0x5520,	0x00F0,
   0x5522,	0x004B,
   0x5524,	0x0055,
   0x5526,	0x0055,
   0x5528,	0x0055,
   0x552A,	0x0055,
   0x5536,	0x0055,
   0x5538,	0x0055,
   0x553A,	0x0055,
   0x553C,	0x0055,
   0x553E,	0x0055,
   0x5540,	0x2672,
   0x5542,	0x2672,
   0x5544,	0x2672,
   0x5546,	0x2672,
   0x5548,	0x2672,
   0x5554,	0x2672,
   0x5556,	0x2672,
   0x5558,	0x2672,
   0x555A,	0x2672,
   0x555C,	0x2672,
   0xCCA8,	0x0020,
   0xCCAA,	0x0020,
   0xCCC6,	0x0005,
   0xCCC8,	0x000F,
   0xCCCA,	0x0014,
   0xCCCC,	0x0019,
   0xCCCE,	0x0019,
   0xCCD0,	0x0005,
   0xCCD2,	0x000A,
   0xCCD4,	0x000F,
   0xCCD6,	0x0014,
   0xCCD8,	0x0014,
   0xCCF0,	0x0017,
   0xCCF2,	0x002F,
   0xCCF4,	0x004E,
   0xCCF8,	0x0005,
   0xCCFA,	0x003C,
   0xCD16,	0x0019,
   0xCD18,	0x001E,
   0xCD1A,	0x0023,
   0xCD1C,	0x0028,
   0xCD1E,	0x0028,
   0xCD20,	0x0014,
   0xCD22,	0x0019,
   0xCD24,	0x001E,
   0xCD26,	0x0023,
   0xCD28,	0x0023,
   0xB9BC,	0x0100,
   0xBB96,	0x0001,
   0xBB9A,	0x0001,
   0xBBA6,	0x0001,
   0xBBAA,	0x0001,
   0xBBD6,	0xFFFF,
   0xBBD8,	0x0000,
   0xBBDA,	0xFFFD,
   0xBBDC,	0x0000,
   0xBBDE,	0x0000,
   0xBBE0,	0x0000,
   0xBBE2,	0x0000,
   0xBBE4,	0x0000,
   0xBBE6,	0xFFFD,
   0xBBE8,	0x0000,
   0xBBEA,	0xFFFF,
   0xBBEC,	0x0000,
   0xBBEE,	0x0000,
   0xBBF0,	0x0000,
   0xBBF2,	0x0000,
   0xBBF4,	0x0000,
   0xBBF6,	0x0000,
   0xBBFA,	0x0000,
   0xBC06,	0x0000,
   0xBC0A,	0x0000,
   0xBC58,	0x0002,
   0xBC5A,	0x0000,
   0xBC5C,	0x0000,
   0xBC5E,	0x0000,
   0xBC60,	0x0000,
   0xBC62,	0x0000,
   0xBC64,	0x0000,
   0xBC66,	0x0000,
   0xBC68,	0x0000,
   0xBC6A,	0x0000,
   0xBC6C,	0x0000,
   0xBC6E,	0x0000,
   0xBC70,	0x0000,
   0xBC72,	0x0000,
   0xBC74,	0x0000,
   0xBC76,	0x0000,
   0xBA44,	0x0002,
   0xBA46,	0x017F,
   0xBA48,	0x03FF,
   0xBA4A,	0x1010,
   0xBA4C,	0x1000,
   0xBA4E,	0x0400,
   0xBA50,	0x4000,
   0xBA52,	0x1000,
   0xBA54,	0x0FF0,
   0xBA6E,	0x017F,
   0xBA70,	0x03FF,
   0xBA72,	0x1020,
   0xBA74,	0x1060,
   0xBA76,	0x0400,
   0xBA78,	0x4000,
   0xBA7A,	0x1020,
   0xBA7C,	0x1020,
   0xBA96,	0x017F,
   0xBA98,	0x03FF,
   0xBA9A,	0x1030,
   0xBA9C,	0x1050,
   0xBA9E,	0x0400,
   0xBAA0,	0x4000,
   0xBAA2,	0x1020,
   0xBAA4,	0x1020,
   0xBABE,	0x017F,
   0xBAC0,	0x03FF,
   0xBAC2,	0x1010,
   0xBAC4,	0x1000,
   0xBAC6,	0x0400,
   0xBAC8,	0x4000,
   0xBACA,	0x1000,
   0xBACC,	0x0FF0,
   0xBAE6,	0x0000,
   0xBAE8,	0x0000,
   0xBAEA,	0x0000,
   0xBAEC,	0x0000,
   0xBAEE,	0x0000,
   0xBAF0,	0x0000,
   0xBAF2,	0x0000,
   0xBAF4,	0x0000,
   0xBB0E,	0x0000,
   0xBB10,	0x0000,
   0xBB12,	0x0000,
   0xBB14,	0x0000,
   0xBB16,	0x0000,
   0xBB18,	0x0000,
   0xBB1A,	0x0000,
   0xBB1C,	0x0000,
   0xBB36,	0x0000,
   0xBB38,	0x0000,
   0xBB3A,	0x0000,
   0xBB3C,	0x0000,
   0xBB3E,	0x0000,
   0xBB40,	0x0000,
   0xBB42,	0x0000,
   0xBB44,	0x0000,
   0xBB5E,	0x0000,
   0xBB60,	0x0000,
   0xBB62,	0x0000,
   0xBB64,	0x0000,
   0xBB66,	0x0000,
   0xBB68,	0x0000,
   0xBB6A,	0x0000,
   0xBB6C,	0x0000,
   0xCE9A,	0x0200,
   0xCEA2,	0x0006,
   0xCEB0,	0x0080,
   0xCEE4,	0x0040,
   0xCEEC,	0x0006,
   0xCEEE,	0x0100,
   0xCEF8,	0x03E8,
   0xCEFA,	0x0080,
   0xCEFC,	0x0080,
   0xCEFE,	0x03E8,
   0xCF00,	0x0080,
   0xCF02,	0x0080,
   0xCF04,	0x0100,
   0xCF08,	0x0040,
   0xA8B0,	0x0440,
   0xA8B6,	0x0000,
   0xA8B8,	0x0101,
   0xA8BE,	0x0000,
   0xA8C0,	0x0000,
   0xA8C2,	0x0000,
   0xA8C4,	0x0000,
   0xA8D6,	0x0000,
   0xA8D8,	0x0000,
   0xA8DA,	0x0000,
   0xA8DC,	0x0000,
   0xA8DE,	0x0000,
   0xA8E0,	0x0000,
   0xA8E2,	0x0000,
   0xA8E4,	0x0000,
   0xA8E6,	0x0000,
   0xA8E8,	0x0000,
   0xA8EA,	0x0000,
   0xA8EC,	0x0000,
   0xA8EE,	0x0000,
   0xA8F0,	0x0000,
   0xA8F2,	0x0000,
   0xA8F4,	0x0000,
   0xA8F6,	0x0000,
   0xA8F8,	0x0000,
   0xA8FA,	0x0000,
   0xA8FC,	0x0000,
   0xA8FE,	0x0000,
   0xA900,	0x0000,
   0xA902,	0x0000,
   0xA904,	0x0000,
   0xA906,	0x0000,
   0xA908,	0x0000,
   0xA90A,	0x0000,
   0xA90C,	0x0000,
   0xA90E,	0x0000,
   0xA910,	0x0000,
   0xA912,	0x0000,
   0xA914,	0x0000,
   0xA916,	0x0000,
   0xA918,	0x0000,
   0xA91A,	0x0000,
   0xA91C,	0x0000,
   0xA91E,	0x0000,
   0xA920,	0x0000,
   0xA922,	0x0000,
   0xA924,	0x0000,
   0xA926,	0x0000,
   0xA928,	0x0000,
   0xA92A,	0x0000,
   0xA92C,	0x0000,
   0xA92E,	0x0000,
   0xA930,	0x0000,
   0xA932,	0x0000,
   0xA934,	0x0000,
   0xA936,	0x0000,
   0xA938,	0x0000,
   0xA93A,	0x0000,
   0xA93C,	0x0000,
   0xA93E,	0x0000,
   0xA940,	0x0000,
   0xA942,	0x0000,
   0xA944,	0x0000,
   0xA946,	0x0000,
   0xA948,	0x0000,
   0xA94A,	0x0000,
   0xA94C,	0x0000,
   0xA94E,	0x0000,
   0xA950,	0x0000,
   0xA952,	0x0000,
   0xA954,	0x0000,
   0xA956,	0x0000,
   0xA958,	0x0000,
   0xA95A,	0x0000,
   0xA95C,	0x0000,
   0xA95E,	0x0000,
   0xA960,	0x0000,
   0xA962,	0x0000,
   0xA964,	0x0000,
   0xA966,	0x0000,
   0xA968,	0x0000,
   0xA96A,	0x0000,
   0xA96C,	0x0000,
   0xA96E,	0x0000,
   0xA970,	0x0000,
   0xA972,	0x0000,
   0xA974,	0x0000,
   0xA976,	0x0000,
   0xAA6A,	0x0000,
   0xAA6C,	0x0000,
   0xAA6E,	0x0000,
   0xAABE,	0x0000,
   0xAAC0,	0x0000,
   0xAAC2,	0x0000,
   0xFCFC,	0x2001,
   0xE300,	0x0101,
   0xE30E,	0x0100,
   0xFCFC,	0x4000,
   0xF848,	0x01FF,
   0xF87E,	0x011B,
   0xF976,	0x0618,
   0xF978,	0x0500,
   0xFA3C,	0x0000,
   0xFA3E,	0x0000,
   0x081E,	0x1000,
};

static u16 s5kgn9sp_custom5_setting[] = {
    0xFCFC,	0x2000,
    0x0EDC,	0x0000,
    0x0EDE,	0x0000,
    0xFCFC,	0x4000,
    0x0B30,	0x01FF,
    0xFCFC,	0x4000,
    0xA102,	0x0B02,
    0x0344,	0x0010,
    0x0346,	0x0318,
    0x0348,	0x1FEF,
    0x034A,	0x1507,
    0x034C,	0x0FF0,
    0x034E,	0x08F8,
    0x0340,	0x1ABC,
    0x0342,	0x13A0,
    0x0900,	0x2222,
    0x0380,	0x0002,
    0x0382,	0x0002,
    0x0384,	0x0002,
    0x0386,	0x0002,
    0x0350,	0x0000,
    0x0352,	0x0000,
    0x0136,	0x1800,
    0x013E,	0x0000,
    0x0304,	0x0003,
    0x0306,	0x0082,
    0x030C,	0x0000,
    0x030E,	0x0003,
    0x0310,	0x0079,
    0x0312,	0x0000,
    0x0B08,	0x0000,
    0x0BCA,	0x0102,
    0x0BCC,	0x0200,
    0x0202,	0x040D,
    0x0226,	0x040D,
    0x0702,	0x0000,
    0x0704,	0x0000,
    0x0204,	0x0020,
    0x0206,	0x0020,
    0x0112,	0x0A0A,
    0x0114,	0x0301,
    0x0118,	0x0004,
    0x011A,	0x0001,
    0x011C,	0x0101,
    0x021E,	0x0300,
    0x0228,	0x0200,
    0x0260,	0x0004,
    0x0262,	0x0100,
    0x0264,	0x0205,
    0x0266,	0x0300,
    0x0274,	0x2B2B,
    0x0D00,	0x0101,
    0x0D02,	0x0101,
    0x0D06,	0x0000,
    0x0D08,	0x0000,
    0x0D0C,	0x0000,
    0x0D0E,	0x0000,
    0x0FF4,	0x4088,
    0xFCFC,	0x2000,
    0xC640,	0x0200,
    0xC644,	0x480C,
    0xCAB6,	0x0000,
    0xCC0C,	0x0200,
    0xCC10,	0x015A,
    0xCBAA,	0x5D00,
    0xCBB6,	0x00FF,
    0xC120,	0x0200,
    0xC122,	0x5588,
    0xC12A,	0x0000,
    0xC12C,	0x123D,
    0xC176,	0x0301,
    0xC134,	0x0201,
    0xC13A,	0x0000,
    0xC13C,	0x0001,
    0xC15A,	0x00FF,
    0x4708,	0x0060,
    0x471A,	0x0000,
    0x0F2C,	0x0001,
    0x0EC2,	0x0101,
    0x4864,	0x0001,
    0x48BE,	0x0101,
    0x5CF2,	0x4422,
    0x62E0,	0x0203,
    0x59EC,	0x0100,
    0x5A16,	0x0004,
    0x5A64,	0x013E,
    0x5CC6,	0x033F,
    0x5CCA,	0x0000,
    0x5CCE,	0x0000,
    0x5ABA,	0x0000,
    0x5ACA,	0x0000,
    0x5AC6,	0x0000,
    0x5AD6,	0x000A,
    0x5AD8,	0x0000,
    0x5ADA,	0x0000,
    0x5ADC,	0x0001,
    0x5AE2,	0x0000,
    0x5AE4,	0x0000,
    0x5AE6,	0x0000,
    0x5AE8,	0x0000,
    0x5AEA,	0x0000,
    0x5AEC,	0x0000,
    0xC500,	0x0010,
    0xC504,	0x0800,
    0xC508,	0x0101,
    0xC60A,	0x0000,
    0xC60C,	0x0000,
    0xCBA8,	0x00DA,
    0xCBAE,	0x0000,
    0x0E70,	0x1C39,
    0x6434,	0x0000,
    0x6436,	0x0B06,
    0x643C,	0xFFFF,
    0x6446,	0x0006,
    0x8860,	0x0100,
    0x6430,	0x0010,
    0x6432,	0x000C,
    0xA884,	0x007F,
    0x8872,	0x0014,
    0x887C,	0x0000,
    0x887A,	0x0001,
    0x8870,	0x0005,
    0xA882,	0x00FF,
    0xA888,	0x0000,
    0xA88A,	0xFFFF,
    0x887E,	0x0000,
    0x8876,	0x001E,
    0x8874,	0x0000,
    0x6460,	0x0000,
    0x6462,	0x0000,
    0x6464,	0x0000,
    0x6466,	0x0000,
    0x6468,	0x0000,
    0x646A,	0x0000,
    0x646C,	0x0000,
    0x646E,	0x0000,
    0x6470,	0x0000,
    0x6472,	0x0000,
    0x6474,	0x0000,
    0x6476,	0x0000,
    0x6478,	0x0000,
    0x647A,	0x0000,
    0x647C,	0x0000,
    0x647E,	0x0000,
    0x6480,	0x0000,
    0x6482,	0x0000,
    0x6484,	0x0000,
    0x6486,	0x0000,
    0x6488,	0x0000,
    0x648A,	0x0000,
    0x648C,	0x0000,
    0x648E,	0x0000,
    0x6490,	0x0000,
    0x6492,	0x0000,
    0x6494,	0x0000,
    0x6496,	0x0000,
    0x6498,	0x0000,
    0x649A,	0x0000,
    0x649C,	0x0000,
    0x649E,	0x0000,
    0x64A0,	0x0000,
    0x64A2,	0x0000,
    0x64A4,	0x0000,
    0x64A6,	0x0000,
    0x64A8,	0x0000,
    0x64AA,	0x0000,
    0x64AC,	0x0000,
    0x64AE,	0x0000,
    0x64B0,	0x0000,
    0x64B2,	0x0000,
    0x64B4,	0x0000,
    0x64B6,	0x0000,
    0x64B8,	0x0000,
    0x64BA,	0x0000,
    0x64BC,	0x0000,
    0x64BE,	0x0000,
    0x64C0,	0x0000,
    0x64C2,	0x0000,
    0x64C4,	0x0000,
    0x64C6,	0x0000,
    0x64C8,	0x0000,
    0x64CA,	0x0000,
    0x64CC,	0x0000,
    0x64CE,	0x0000,
    0x64D0,	0x0000,
    0x64D2,	0x0000,
    0x64D4,	0x0000,
    0x64D6,	0x0000,
    0x64D8,	0x0000,
    0x64DA,	0x0000,
    0x64DC,	0x0000,
    0x64DE,	0x0000,
    0x64E0,	0x0000,
    0x64E2,	0x0000,
    0x64E4,	0x0000,
    0x64E6,	0x0000,
    0x64E8,	0x0000,
    0x64EA,	0x0000,
    0x64EC,	0x0000,
    0x64EE,	0x0000,
    0x64F0,	0x0000,
    0x64F2,	0x0000,
    0x64F4,	0x0000,
    0x64F6,	0x0000,
    0x64F8,	0x0000,
    0x64FA,	0x0000,
    0x64FC,	0x0000,
    0x64FE,	0x0000,
    0x6500,	0x0000,
    0x6502,	0x0000,
    0x6504,	0x0000,
    0x6506,	0x0000,
    0x6508,	0x0000,
    0x650A,	0x0000,
    0x650C,	0x0000,
    0x650E,	0x0000,
    0x6510,	0x0000,
    0x6512,	0x0000,
    0x6514,	0x0000,
    0x6516,	0x0000,
    0x6518,	0x0000,
    0x651A,	0x0000,
    0x651C,	0x0000,
    0x651E,	0x0000,
    0x6520,	0x0000,
    0x6522,	0x0000,
    0x6524,	0x0000,
    0x6526,	0x0000,
    0x6528,	0x0000,
    0x652A,	0x0000,
    0x652C,	0x0000,
    0x652E,	0x0000,
    0x6530,	0x0000,
    0x6532,	0x0000,
    0x6534,	0x0000,
    0x6536,	0x0000,
    0x6538,	0x0000,
    0x653A,	0x0000,
    0x653C,	0x0000,
    0x653E,	0x0000,
    0x6540,	0x0000,
    0x6542,	0x0000,
    0x6544,	0x0000,
    0x6546,	0x0000,
    0x6548,	0x0000,
    0x654A,	0x0000,
    0x654C,	0x0000,
    0x654E,	0x0000,
    0x6550,	0x0000,
    0x6552,	0x0000,
    0x6554,	0x0000,
    0x6556,	0x0000,
    0x6558,	0x0000,
    0x655A,	0x0000,
    0x655C,	0x0000,
    0x655E,	0x0000,
    0x6560,	0x0000,
    0x6562,	0x0000,
    0x6564,	0x0000,
    0x6566,	0x0000,
    0x6568,	0x0000,
    0x656A,	0x0000,
    0x656C,	0x0000,
    0x656E,	0x0000,
    0x6570,	0x0000,
    0x6572,	0x0000,
    0x6574,	0x0000,
    0x6576,	0x0000,
    0x6578,	0x0000,
    0x657A,	0x0000,
    0x657C,	0x0000,
    0x657E,	0x0000,
    0x6580,	0x0000,
    0x6582,	0x0000,
    0x6584,	0x0000,
    0x6586,	0x0000,
    0x6588,	0x0000,
    0x658A,	0x0000,
    0x658C,	0x0000,
    0x658E,	0x0000,
    0x6590,	0x0000,
    0x6592,	0x0000,
    0x6594,	0x0000,
    0x6596,	0x0000,
    0x6598,	0x0000,
    0x659A,	0x0000,
    0x659C,	0x0000,
    0x659E,	0x0000,
    0x65A0,	0x0000,
    0x65A2,	0x0000,
    0x65A4,	0x0000,
    0x65A6,	0x0000,
    0x65A8,	0x0000,
    0x65AA,	0x0000,
    0x65AC,	0x0000,
    0x65AE,	0x0000,
    0x65B0,	0x0000,
    0x65B2,	0x0000,
    0x65B4,	0x0000,
    0x65B6,	0x0000,
    0x65B8,	0x0000,
    0x65BA,	0x0000,
    0x65BC,	0x0000,
    0x65BE,	0x0000,
    0x65C0,	0x0000,
    0x65C2,	0x0000,
    0x65C4,	0x0000,
    0x65C6,	0x0000,
    0x65C8,	0x0000,
    0x65CA,	0x0000,
    0x65CC,	0x0000,
    0x65CE,	0x0000,
    0x65D0,	0x0000,
    0x65D2,	0x0000,
    0x65D4,	0x0000,
    0x65D6,	0x0000,
    0x65D8,	0x0000,
    0x65DA,	0x0000,
    0x65DC,	0x0000,
    0x65DE,	0x0000,
    0x46C4,	0x0001,
    0x5BB4,	0x0502,
    0x5BC8,	0x090B,
    0x41E4,	0x0000,
    0x41EC,	0x0200,
    0x41F8,	0x0200,
    0x4394,	0x0000,
    0x4396,	0x0000,
    0x4398,	0x0000,
    0x439A,	0x0000,
    0x474C,	0x0201,
    0x474E,	0x0101,
    0x4784,	0x00B7,
    0x4786,	0x00F3,
    0x4788,	0x01DC,
    0x478A,	0x0218,
    0x48A6,	0x1008,
    0x48A8,	0x1010,
    0x0E1C,	0x0000,
    0x0E52,	0x0400,
    0x0E56,	0x0400,
    0x5A70,	0x0083,
    0x48EC,	0x0004,
    0x48EE,	0x0001,
    0x48F0,	0x0004,
    0x48F2,	0x000C,
    0x48F4,	0x0002,
    0x48F6,	0x0005,
    0x48F8,	0x0002,
    0x48FA,	0x0005,
    0x4900,	0x000B,
    0x4902,	0x000B,
    0x4904,	0x0003,
    0x4906,	0x0007,
    0x4908,	0x0003,
    0x490A,	0x000B,
    0x490C,	0x0003,
    0x4910,	0x0030,
    0x4912,	0x0041,
    0x491C,	0x0003,
    0x4920,	0x0003,
    0x4924,	0x0014,
    0x4926,	0x000B,
    0x4928,	0x0028,
    0x492A,	0x000A,
    0x4934,	0x0014,
    0x4938,	0x003C,
    0x493A,	0x003C,
    0x4950,	0x00D9,
    0x4952,	0x00D9,
    0x4954,	0x000C,
    0x4958,	0x0014,
    0x495C,	0x000C,
    0x4960,	0x0005,
    0x4964,	0x0005,
    0x4968,	0x0014,
    0x496C,	0x0014,
    0x4978,	0x0005,
    0x497C,	0x0008,
    0x4980,	0x002A,
    0x4982,	0x0007,
    0x498C,	0x0041,
    0x498E,	0x0064,
    0x49A0,	0x0002,
    0x49A4,	0x0002,
    0x49A8,	0x0001,
    0x49AA,	0x0005,
    0x49AC,	0x0005,
    0x49AE,	0x0005,
    0x49B8,	0x0003,
    0x49C0,	0x0003,
    0x49C8,	0x0003,
    0x49F4,	0x000E,
    0x49F6,	0x0010,
    0x49F8,	0x002E,
    0x49FA,	0x0032,
    0x4ADC,	0x0017,
    0x4ADE,	0x001A,
    0x4AE0,	0x0023,
    0x4AE2,	0x0050,
    0x4AE4,	0x009A,
    0x4AE6,	0x0096,
    0x4C00,	0x0012,
    0x4C02,	0x0012,
    0x4C04,	0x0001,
    0x4C06,	0x0001,
    0x4C10,	0x0009,
    0x4C12,	0x0009,
    0x4C2C,	0x011D,
    0x4C34,	0x0011,
    0x4C3C,	0x0006,
    0x4C40,	0x0273,
    0x4C42,	0x04BC,
    0x4CB4,	0x8014,
    0x4CB8,	0x8112,
    0x4CBC,	0x8260,
    0x4CC0,	0x80DE,
    0x4D2C,	0x801F,
    0x50C8,	0x0274,
    0x50CA,	0x04C8,
    0x50D0,	0x0200,
    0x50D2,	0x0000,
    0x50DE,	0x0909,
    0x50E0,	0x1A0D,
    0x50E2,	0x0204,
    0x50E4,	0x0204,
    0x50FC,	0x001E,
    0x50FE,	0x0183,
    0x5100,	0xE58D,
    0x5102,	0xFFE7,
    0x5108,	0x0000,
    0x510A,	0x93F5,
    0x5136,	0x0000,
    0x515C,	0x0100,
    0x5336,	0x2672,
    0x533A,	0x0029,
    0x53E8,	0x1108,
    0x53EA,	0x0812,
    0x541C,	0x4000,
    0x541E,	0xF462,
    0x5420,	0x4000,
    0x5422,	0xF818,
    0x546E,	0x0005,
    0x5470,	0x0019,
    0x5472,	0x0023,
    0x5474,	0x002A,
    0x5476,	0x002E,
    0x5482,	0x0005,
    0x5484,	0x0019,
    0x5486,	0x0023,
    0x5488,	0x002A,
    0x548A,	0x002E,
    0x548C,	0x000C,
    0x548E,	0x000C,
    0x5490,	0x000C,
    0x5492,	0x000C,
    0x5494,	0x000C,
    0x54A0,	0x000C,
    0x54A2,	0x000C,
    0x54A4,	0x000C,
    0x54A6,	0x000C,
    0x54A8,	0x000C,
    0x54AA,	0x000B,
    0x54AC,	0x000B,
    0x54AE,	0x000B,
    0x54B0,	0x000B,
    0x54B2,	0x000B,
    0x54BE,	0x000B,
    0x54C0,	0x000B,
    0x54C2,	0x000B,
    0x54C4,	0x000B,
    0x54C6,	0x000B,
    0x54C8,	0x0011,
    0x54CA,	0x0011,
    0x54CC,	0x0011,
    0x54CE,	0x0011,
    0x54D0,	0x0011,
    0x54DC,	0x0011,
    0x54DE,	0x0011,
    0x54E0,	0x0011,
    0x54E2,	0x0011,
    0x54E4,	0x0011,
    0x54E6,	0x000B,
    0x54E8,	0x000B,
    0x54EA,	0x000B,
    0x54EC,	0x000B,
    0x54EE,	0x000B,
    0x54FA,	0x000B,
    0x54FC,	0x000B,
    0x54FE,	0x000B,
    0x5500,	0x000B,
    0x5502,	0x000B,
    0x5504,	0x0078,
    0x5506,	0x0078,
    0x5508,	0x0078,
    0x550A,	0x0078,
    0x550C,	0x0078,
    0x5518,	0x0078,
    0x551A,	0x0078,
    0x551C,	0x0078,
    0x551E,	0x0078,
    0x5520,	0x0078,
    0x5522,	0x005B,
    0x5524,	0x006B,
    0x5526,	0x006B,
    0x5528,	0x006B,
    0x552A,	0x006B,
    0x5536,	0x006B,
    0x5538,	0x006B,
    0x553A,	0x006B,
    0x553C,	0x006B,
    0x553E,	0x006B,
    0x5540,	0x2672,
    0x5542,	0x2672,
    0x5544,	0x2672,
    0x5546,	0x2672,
    0x5548,	0x2672,
    0x5554,	0x2672,
    0x5556,	0x2672,
    0x5558,	0x2672,
    0x555A,	0x2672,
    0x555C,	0x2672,
    0xCCA8,	0x0020,
    0xCCAA,	0x0020,
    0xCCC6,	0x0005,
    0xCCC8,	0x000F,
    0xCCCA,	0x0014,
    0xCCCC,	0x0019,
    0xCCCE,	0x0019,
    0xCCD0,	0x0005,
    0xCCD2,	0x000A,
    0xCCD4,	0x000F,
    0xCCD6,	0x0014,
    0xCCD8,	0x0014,
    0xCCF0,	0x0017,
    0xCCF2,	0x002F,
    0xCCF4,	0x004E,
    0xCCF8,	0x0005,
    0xCCFA,	0x003C,
    0xCD16,	0x0019,
    0xCD18,	0x001E,
    0xCD1A,	0x0023,
    0xCD1C,	0x0028,
    0xCD1E,	0x0028,
    0xCD20,	0x0014,
    0xCD22,	0x0019,
    0xCD24,	0x001E,
    0xCD26,	0x0023,
    0xCD28,	0x0023,
    0xB9BC,	0x0100,
    0xBB96,	0x0000,
    0xBB9A,	0x0000,
    0xBBA6,	0x0000,
    0xBBAA,	0x0000,
    0xBBD6,	0x0008,
    0xBBD8,	0x000A,
    0xBBDA,	0x0008,
    0xBBDC,	0x000A,
    0xBBDE,	0x000A,
    0xBBE0,	0x000A,
    0xBBE2,	0x000A,
    0xBBE4,	0x000A,
    0xBBE6,	0x0008,
    0xBBE8,	0x0008,
    0xBBEA,	0x0008,
    0xBBEC,	0x0008,
    0xBBEE,	0x0008,
    0xBBF0,	0x0008,
    0xBBF2,	0x0008,
    0xBBF4,	0x0008,
    0xBBF6,	0x000E,
    0xBBFA,	0x000E,
    0xBC06,	0x000E,
    0xBC0A,	0x000E,
    0xBC58,	0x0000,
    0xBC5A,	0x0000,
    0xBC5C,	0x0000,
    0xBC5E,	0x0000,
    0xBC60,	0x0000,
    0xBC62,	0x0000,
    0xBC64,	0x0000,
    0xBC66,	0x0000,
    0xBC68,	0x0000,
    0xBC6A,	0x0000,
    0xBC6C,	0x0000,
    0xBC6E,	0x0000,
    0xBC70,	0x0000,
    0xBC72,	0x0000,
    0xBC74,	0x0000,
    0xBC76,	0x0000,
    0xBA44,	0x0002,
    0xBA46,	0x017F,
    0xBA48,	0x03FF,
    0xBA4A,	0x1000,
    0xBA4C,	0x0FF6,
    0xBA4E,	0x0400,
    0xBA50,	0x4000,
    0xBA52,	0x101E,
    0xBA54,	0x100E,
    0xBA6E,	0x017F,
    0xBA70,	0x03FF,
    0xBA72,	0x1000,
    0xBA74,	0x1017,
    0xBA76,	0x0400,
    0xBA78,	0x4000,
    0xBA7A,	0x103E,
    0xBA7C,	0x103E,
    0xBA96,	0x017F,
    0xBA98,	0x03FF,
    0xBA9A,	0x1000,
    0xBA9C,	0x102B,
    0xBA9E,	0x0400,
    0xBAA0,	0x4000,
    0xBAA2,	0x103E,
    0xBAA4,	0x1052,
    0xBABE,	0x017F,
    0xBAC0,	0x03FF,
    0xBAC2,	0x1000,
    0xBAC4,	0x0FFB,
    0xBAC6,	0x0400,
    0xBAC8,	0x4000,
    0xBACA,	0x101E,
    0xBACC,	0x100E,
    0xBAE6,	0x017F,
    0xBAE8,	0x03FF,
    0xBAEA,	0x1000,
    0xBAEC,	0x1000,
    0xBAEE,	0x0400,
    0xBAF0,	0x4000,
    0xBAF2,	0x101E,
    0xBAF4,	0x100E,
    0xBB0E,	0x017F,
    0xBB10,	0x03FF,
    0xBB12,	0x1000,
    0xBB14,	0x1030,
    0xBB16,	0x0400,
    0xBB18,	0x4000,
    0xBB1A,	0x103E,
    0xBB1C,	0x103E,
    0xBB36,	0x017F,
    0xBB38,	0x03FF,
    0xBB3A,	0x1000,
    0xBB3C,	0x1044,
    0xBB3E,	0x0400,
    0xBB40,	0x4000,
    0xBB42,	0x103E,
    0xBB44,	0x1052,
    0xBB5E,	0x017F,
    0xBB60,	0x03FF,
    0xBB62,	0x1000,
    0xBB64,	0x1000,
    0xBB66,	0x0400,
    0xBB68,	0x4000,
    0xBB6A,	0x101E,
    0xBB6C,	0x100E,
    0xCE9A,	0x0800,
    0xCEA2,	0x0003,
    0xCEB0,	0x0000,
    0xCEE4,	0x0800,
    0xCEEC,	0x0003,
    0xCEEE,	0x0100,
    0xCEF8,	0x03FF,
    0xCEFA,	0x0000,
    0xCEFC,	0x0080,
    0xCEFE,	0x7FFF,
    0xCF00,	0xEC77,
    0xCF02,	0x0000,
    0xCF04,	0x0000,
    0xCF08,	0x0080,
    0xA8B0,	0x0440,
    0xA8B6,	0xFFFC,
    0xA8B8,	0x0102,
    0xA8BE,	0x0303,
    0xA8C0,	0x0303,
    0xA8C2,	0x0000,
    0xA8C4,	0x0000,
    0xA8D6,	0xFF2A,
    0xA8D8,	0xFF2B,
    0xA8DA,	0xFF2C,
    0xA8DC,	0xFFE5,
    0xA8DE,	0xFFEE,
    0xA8E0,	0xFFFD,
    0xA8E2,	0x0000,
    0xA8E4,	0x0000,
    0xA8E6,	0x0000,
    0xA8E8,	0xFFD8,
    0xA8EA,	0xFFF2,
    0xA8EC,	0x0004,
    0xA8EE,	0x0000,
    0xA8F0,	0x0000,
    0xA8F2,	0x0000,
    0xA8F4,	0xFFFD,
    0xA8F6,	0x0001,
    0xA8F8,	0x0003,
    0xA8FA,	0x0000,
    0xA8FC,	0x0000,
    0xA8FE,	0x0000,
    0xA900,	0xFFFD,
    0xA902,	0x0001,
    0xA904,	0x0003,
    0xA906,	0x0200,
    0xA908,	0x0000,
    0xA90A,	0x0000,
    0xA90C,	0x0000,
    0xA90E,	0x0000,
    0xA910,	0x0000,
    0xA912,	0x00FF,
    0xA914,	0x0000,
    0xA916,	0x0000,
    0xA918,	0x0000,
    0xA91A,	0x0000,
    0xA91C,	0x0000,
    0xA91E,	0x0000,
    0xA920,	0x00FC,
    0xA922,	0x0000,
    0xA924,	0x0000,
    0xA926,	0x0000,
    0xA928,	0x0000,
    0xA92A,	0x0000,
    0xA92C,	0x0000,
    0xA92E,	0x0000,
    0xA930,	0x0000,
    0xA932,	0x0000,
    0xA934,	0x0000,
    0xA936,	0x0000,
    0xA938,	0x0000,
    0xA93A,	0x0000,
    0xA93C,	0x0100,
    0xA93E,	0x0000,
    0xA940,	0x0000,
    0xA942,	0x0000,
    0xA944,	0x0000,
    0xA946,	0x0000,
    0xA948,	0x0000,
    0xA94A,	0xF700,
    0xA94C,	0x0000,
    0xA94E,	0x0000,
    0xA950,	0x0000,
    0xA952,	0x0000,
    0xA954,	0x0000,
    0xA956,	0x0000,
    0xA958,	0xBCF6,
    0xA95A,	0x0300,
    0xA95C,	0x0000,
    0xA95E,	0x0000,
    0xA960,	0x0000,
    0xA962,	0x0000,
    0xA964,	0x0000,
    0xA966,	0xF8FE,
    0xA968,	0xFF00,
    0xA96A,	0x0000,
    0xA96C,	0x0000,
    0xA96E,	0x0000,
    0xA970,	0x0000,
    0xA972,	0x0000,
    0xA974,	0xC2F6,
    0xA976,	0xFB00,
    0xAA6A,	0x00FF,
    0xAA6C,	0xFF00,
    0xAA6E,	0x0808,
    0xAABE,	0x0003,
    0xAAC0,	0x0300,
    0xAAC2,	0x0000,
    0xFCFC,	0x2001,
    0xE300,	0x0101,
    0xE30E,	0x0100,
    0xFCFC,	0x4000,
    0xF848,	0x01FF,
    0xF87E,	0x011B,
    0xF976,	0x0609,
    0xF978,	0x0500,
    0xFA3C,	0x0271,
    0xFA3E,	0x0272,
    0x081E,	0x1000,
};

static u16 s5kgn9sp_custom6_setting[] = {
    0xFCFC,0x2000,
    0x0EDC,0x0000,
    0x0EDE,0x0000,
    0xFCFC,0x4000,
    0x0B30,0x01FF,
    0xFCFC,0x4000,
    0xA102,0x0B02,
    0x0344,0x0540,
    0x0346,0x03FC,
    0x0348,0x1ABF,
    0x034A,0x1423,
    0x034C,0x0AC0,
    0x034E,0x0810,
    0x0340,0x11DA,
    0x0342,0x1DA0,
    0x0900,0x2222,
    0x0380,0x0002,
    0x0382,0x0002,
    0x0384,0x0002,
    0x0386,0x0002,
    0x0350,0x0000,
    0x0352,0x0002,
    0x0136,0x1800,
    0x013E,0x0000,
    0x0304,0x0003,
    0x0306,0x0082,
    0x030C,0x0000,
    0x030E,0x0003,
    0x0310,0x0079,
    0x0312,0x0000,
    0x0B08,0x0000,
    0x0BCA,0x0101,
    0x0BCC,0x0100,
    0x0202,0x0004,
    0x0226,0x0100,
    0x0702,0x0000,
    0x0704,0x0000,
    0x0204,0x0020,
    0x0206,0x0020,
    0x0112,0x0A0A,
    0x0114,0x0301,
    0x0118,0x0004,
    0x011A,0x0001,
    0x011C,0x0101,
    0x021E,0x0000,
    0x0228,0x0100,
    0x0260,0x0002,
    0x0262,0x0300,
    0x0264,0x0104,
    0x0266,0x0500,
    0x0274,0x2B2B,
    0x0D00,0x0101,
    0x0D02,0x0101,
    0x0D06,0x0000,
    0x0D08,0x0000,
    0x0D0C,0x0000,
    0x0D0E,0x0000,
    0x0FF4,0x4088,
    0xFCFC,0x2000,
    0xC640,0x0200,
    0xC644,0x480C,
    0xCAB6,0x0000,
    0xCC0C,0x0200,
    0xCC10,0x015A,
    0xCBAA,0x5D00,
    0xCBB6,0x00FF,
    0xC120,0x0200,
    0xC122,0x5588,
    0xC12A,0x0000,
    0xC12C,0x123D,
    0xC176,0x0301,
    0xC134,0x0201,
    0xC13A,0x0000,
    0xC13C,0x0001,
    0xC15A,0x00FF,
    0x4708,0x003E,
    0x471A,0x0000,
    0x0F2C,0x0003,
    0x0EC2,0x0101,
    0x4864,0x0101,
    0x48BE,0x0101,
    0x5CF2,0x4422,
    0x62E0,0x0203,
    0x59EC,0x0100,
    0x5A16,0x0004,
    0x5A64,0x013E,
    0x5CC6,0x033F,
    0x5CCA,0x0000,
    0x5CCE,0x0000,
    0x5ABA,0x0001,
    0x5ACA,0x0000,
    0x5AC6,0x0000,
    0x5AD6,0x000A,
    0x5AD8,0x0001,
    0x5ADA,0x0000,
    0x5ADC,0x0032,
    0x5AE2,0x0028,
    0x5AE4,0x0069,
    0x5AE6,0x00AE,
    0x5AE8,0x00EA,
    0x5AEA,0x01C7,
    0x5AEC,0x0283,
    0xC500,0x0010,
    0xC504,0x0800,
    0xC508,0x0101,
    0xC60A,0x0000,
    0xC60C,0x0000,
    0xCBA8,0x00DA,
    0xCBAE,0x0000,
    0x0E70,0x1000,
    0x6434,0x0000,
    0x6436,0x0B0A,
    0x643C,0x0808,
    0x6446,0x0006,
    0x8860,0x0100,
    0x6430,0x0010,
    0x6432,0x000C,
    0xA884,0x0019,
    0x8872,0x0023,
    0x887C,0x0019,
    0x887A,0x0001,
    0x8870,0x003F,
    0xA882,0x0040,
    0xA888,0x0000,
    0xA88A,0x0001,
    0x887E,0x0001,
    0x8876,0xFFFF,
    0x8874,0x0FFF,
    0x6460,0xFFFD,
    0x6462,0xFFFE,
    0x6464,0xFFFB,
    0x6466,0xFFFD,
    0x6468,0xFFFC,
    0x646A,0xFFFB,
    0x646C,0xFFFA,
    0x646E,0xFFFD,
    0x6470,0xFFFC,
    0x6472,0xFFFB,
    0x6474,0xFFFB,
    0x6476,0xFFFB,
    0x6478,0xFFF8,
    0x647A,0xFFF6,
    0x647C,0xFFF4,
    0x647E,0xFFE9,
    0x6480,0x0001,
    0x6482,0x0001,
    0x6484,0x0003,
    0x6486,0x0004,
    0x6488,0x0004,
    0x648A,0x0003,
    0x648C,0x0003,
    0x648E,0x0003,
    0x6490,0x0002,
    0x6492,0x0004,
    0x6494,0x0002,
    0x6496,0x0001,
    0x6498,0xFFFF,
    0x649A,0xFFFB,
    0x649C,0xFFF5,
    0x649E,0xFFED,
    0x64A0,0x0000,
    0x64A2,0x0003,
    0x64A4,0x0004,
    0x64A6,0x0006,
    0x64A8,0x0007,
    0x64AA,0x0006,
    0x64AC,0x0008,
    0x64AE,0x0008,
    0x64B0,0x0008,
    0x64B2,0x0006,
    0x64B4,0x0007,
    0x64B6,0x0003,
    0x64B8,0x0002,
    0x64BA,0xFFFC,
    0x64BC,0xFFF6,
    0x64BE,0xFFED,
    0x64C0,0x0000,
    0x64C2,0x0003,
    0x64C4,0x0005,
    0x64C6,0x0007,
    0x64C8,0x0007,
    0x64CA,0x0006,
    0x64CC,0x0007,
    0x64CE,0x0008,
    0x64D0,0x0007,
    0x64D2,0x0007,
    0x64D4,0x0006,
    0x64D6,0x0005,
    0x64D8,0x0002,
    0x64DA,0xFFFE,
    0x64DC,0xFFF7,
    0x64DE,0xFFE8,
    0x64E0,0xFFFF,
    0x64E2,0x0002,
    0x64E4,0x0003,
    0x64E6,0x0005,
    0x64E8,0x0005,
    0x64EA,0x0005,
    0x64EC,0x0006,
    0x64EE,0x0006,
    0x64F0,0x0007,
    0x64F2,0x0005,
    0x64F4,0x0005,
    0x64F6,0x0002,
    0x64F8,0x0002,
    0x64FA,0xFFFC,
    0x64FC,0xFFF5,
    0x64FE,0xFFE9,
    0x6500,0xFFFE,
    0x6502,0x0001,
    0x6504,0x0002,
    0x6506,0x0004,
    0x6508,0x0005,
    0x650A,0x0004,
    0x650C,0x0006,
    0x650E,0x0005,
    0x6510,0x0005,
    0x6512,0x0004,
    0x6514,0x0004,
    0x6516,0x0003,
    0x6518,0x0000,
    0x651A,0xFFFC,
    0x651C,0xFFF4,
    0x651E,0xFFE7,
    0x6520,0xFFFD,
    0x6522,0xFFFF,
    0x6524,0x0001,
    0x6526,0x0002,
    0x6528,0x0002,
    0x652A,0x0003,
    0x652C,0x0004,
    0x652E,0x0004,
    0x6530,0x0004,
    0x6532,0x0002,
    0x6534,0x0002,
    0x6536,0x0001,
    0x6538,0x0000,
    0x653A,0xFFFB,
    0x653C,0xFFF4,
    0x653E,0xFFE5,
    0x6540,0xFFFC,
    0x6542,0xFFFF,
    0x6544,0x0000,
    0x6546,0x0002,
    0x6548,0x0002,
    0x654A,0x0002,
    0x654C,0x0003,
    0x654E,0x0003,
    0x6550,0x0004,
    0x6552,0x0004,
    0x6554,0x0002,
    0x6556,0x0002,
    0x6558,0xFFFF,
    0x655A,0xFFFA,
    0x655C,0xFFF3,
    0x655E,0xFFE7,
    0x6560,0xFFFA,
    0x6562,0xFFFD,
    0x6564,0xFFFF,
    0x6566,0xFFFF,
    0x6568,0x0001,
    0x656A,0x0000,
    0x656C,0x0001,
    0x656E,0x0001,
    0x6570,0x0003,
    0x6572,0x0003,
    0x6574,0x0001,
    0x6576,0x0001,
    0x6578,0xFFFE,
    0x657A,0xFFFA,
    0x657C,0xFFF3,
    0x657E,0xFFE6,
    0x6580,0xFFFC,
    0x6582,0xFFFE,
    0x6584,0x0000,
    0x6586,0x0001,
    0x6588,0x0002,
    0x658A,0x0001,
    0x658C,0x0003,
    0x658E,0x0002,
    0x6590,0x0005,
    0x6592,0x0006,
    0x6594,0x0004,
    0x6596,0x0003,
    0x6598,0x0001,
    0x659A,0xFFFB,
    0x659C,0xFFF4,
    0x659E,0xFFE9,
    0x65A0,0xFFF8,
    0x65A2,0xFFFB,
    0x65A4,0xFFFC,
    0x65A6,0xFFFE,
    0x65A8,0xFFFF,
    0x65AA,0xFFFF,
    0x65AC,0x0000,
    0x65AE,0x0003,
    0x65B0,0x0004,
    0x65B2,0x0006,
    0x65B4,0x0004,
    0x65B6,0x0004,
    0x65B8,0x0002,
    0x65BA,0xFFFB,
    0x65BC,0xFFF6,
    0x65BE,0xFFEA,
    0x65C0,0xFFF6,
    0x65C2,0xFFF5,
    0x65C4,0xFFF8,
    0x65C6,0xFFF7,
    0x65C8,0xFFFB,
    0x65CA,0xFFFA,
    0x65CC,0xFFFF,
    0x65CE,0xFFFF,
    0x65D0,0x0003,
    0x65D2,0x0005,
    0x65D4,0x0007,
    0x65D6,0x0002,
    0x65D8,0x0001,
    0x65DA,0xFFFB,
    0x65DC,0xFFF6,
    0x65DE,0xFFEF,
    0x46C4,0x0100,
    0x5BB4,0x0502,
    0x5BC8,0x090B,
    0x41E4,0x0000,
    0x41EC,0x0200,
    0x41F8,0x0200,
    0x4394,0x0000,
    0x4396,0x0000,
    0x4398,0x0000,
    0x439A,0x0000,
    0x474C,0x0201,
    0x474E,0x0101,
    0x4784,0x00B7,
    0x4786,0x00F3,
    0x4788,0x01DC,
    0x478A,0x0218,
    0x48A6,0x1008,
    0x48A8,0x1010,
    0x0E1C,0x0300,
    0x0E52,0x0401,
    0x0E56,0x0401,
    0x5A70,0x0080,
    0x48EC,0x0003,
    0x48EE,0x0001,
    0x48F0,0x0002,
    0x48F2,0x000C,
    0x48F4,0x0001,
    0x48F6,0x0005,
    0x48F8,0x0001,
    0x48FA,0x0005,
    0x4900,0x000A,
    0x4902,0x000B,
    0x4904,0x0003,
    0x4906,0x0007,
    0x4908,0x0003,
    0x490A,0x000B,
    0x490C,0x0003,
    0x4910,0x0030,
    0x4912,0x0030,
    0x491C,0x0001,
    0x4920,0x0001,
    0x4924,0x0001,
    0x4926,0x000B,
    0x4928,0x0020,
    0x492A,0x000A,
    0x4934,0x0003,
    0x4938,0x003C,
    0x493A,0x003C,
    0x4950,0x00D9,
    0x4952,0x00D9,
    0x4954,0x000C,
    0x4958,0x0001,
    0x495C,0x0001,
    0x4960,0x0001,
    0x4964,0x0001,
    0x4968,0x000D,
    0x496C,0x0001,
    0x4978,0x0005,
    0x497C,0x000A,
    0x4980,0x0016,
    0x4982,0x0007,
    0x498C,0x0041,
    0x498E,0x0064,
    0x49A0,0x0002,
    0x49A4,0x0002,
    0x49A8,0x0001,
    0x49AA,0x0005,
    0x49AC,0x0001,
    0x49AE,0x0000,
    0x49B8,0x000A,
    0x49C0,0x000A,
    0x49C8,0x000A,
    0x49F4,0x000F,
    0x49F6,0x0010,
    0x49F8,0x002F,
    0x49FA,0x0032,
    0x4ADC,0x001C,
    0x4ADE,0x001A,
    0x4AE0,0x0038,
    0x4AE2,0x0050,
    0x4AE4,0x00B6,
    0x4AE6,0x0096,
    0x4C00,0x0010,
    0x4C02,0x0010,
    0x4C04,0x0001,
    0x4C06,0x0001,
    0x4C10,0x0010,
    0x4C12,0x0007,
    0x4C2C,0x8119,
    0x4C34,0x0007,
    0x4C3C,0x0007,
    0x4C40,0x0258,
    0x4C42,0x04BC,
    0x4CB4,0x811F,
    0x4CB8,0x8003,
    0x4CBC,0x80EE,
    0x4CC0,0x0257,
    0x4D2C,0x0003,
    0x50C8,0x0294,
    0x50CA,0x04C8,
    0x50D0,0x0200,
    0x50D2,0x0000,
    0x50DE,0x0809,
    0x50E0,0x0D0D,
    0x50E2,0x0804,
    0x50E4,0x0104,
    0x50FC,0x001E,
    0x50FE,0x0083,
    0x5100,0xE48D,
    0x5102,0xFFE7,
    0x5108,0x0000,
    0x510A,0x93E1,
    0x5136,0x0100,
    0x515C,0x0100,
    0x5336,0x4662,
    0x533A,0x0829,
    0x53E8,0x1108,
    0x53EA,0x0812,
    0x541C,0x4000,
    0x541E,0xF462,
    0x5420,0x4000,
    0x5422,0xF818,
    0x546E,0x000C,
    0x5470,0x0020,
    0x5472,0x0020,
    0x5474,0x0020,
    0x5476,0x0020,
    0x5482,0x000C,
    0x5484,0x0020,
    0x5486,0x002A,
    0x5488,0x0030,
    0x548A,0x0033,
    0x548C,0x0015,
    0x548E,0x0010,
    0x5490,0x0000,
    0x5492,0x0000,
    0x5494,0x0000,
    0x54A0,0x000A,
    0x54A2,0x000A,
    0x54A4,0x000A,
    0x54A6,0x000A,
    0x54A8,0x000A,
    0x54AA,0x000B,
    0x54AC,0x000B,
    0x54AE,0x000B,
    0x54B0,0x000B,
    0x54B2,0x000B,
    0x54BE,0x000B,
    0x54C0,0x000B,
    0x54C2,0x000B,
    0x54C4,0x000B,
    0x54C6,0x000B,
    0x54C8,0x0000,
    0x54CA,0x0000,
    0x54CC,0x0000,
    0x54CE,0x0000,
    0x54D0,0x0000,
    0x54DC,0x0000,
    0x54DE,0x0000,
    0x54E0,0x0000,
    0x54E2,0x0000,
    0x54E4,0x0000,
    0x54E6,0x0000,
    0x54E8,0x0000,
    0x54EA,0x0000,
    0x54EC,0x0000,
    0x54EE,0x0000,
    0x54FA,0x0000,
    0x54FC,0x0000,
    0x54FE,0x0000,
    0x5500,0x0000,
    0x5502,0x0000,
    0x5504,0x00F0,
    0x5506,0x00F0,
    0x5508,0x00F0,
    0x550A,0x00F0,
    0x550C,0x00F0,
    0x5518,0x00F0,
    0x551A,0x00F0,
    0x551C,0x00F0,
    0x551E,0x00F0,
    0x5520,0x00F0,
    0x5522,0x004B,
    0x5524,0x0055,
    0x5526,0x0055,
    0x5528,0x0055,
    0x552A,0x0055,
    0x5536,0x0055,
    0x5538,0x0055,
    0x553A,0x0055,
    0x553C,0x0055,
    0x553E,0x0055,
    0x5540,0x2672,
    0x5542,0x2672,
    0x5544,0x2672,
    0x5546,0x2672,
    0x5548,0x2672,
    0x5554,0x2672,
    0x5556,0x2672,
    0x5558,0x2672,
    0x555A,0x2672,
    0x555C,0x2672,
    0xCCA8,0x0020,
    0xCCAA,0x0020,
    0xCCC6,0x0005,
    0xCCC8,0x000F,
    0xCCCA,0x0014,
    0xCCCC,0x0019,
    0xCCCE,0x0019,
    0xCCD0,0x0005,
    0xCCD2,0x000A,
    0xCCD4,0x000F,
    0xCCD6,0x0014,
    0xCCD8,0x0014,
    0xCCF0,0x0017,
    0xCCF2,0x002F,
    0xCCF4,0x004E,
    0xCCF8,0x0005,
    0xCCFA,0x003C,
    0xCD16,0x0019,
    0xCD18,0x001E,
    0xCD1A,0x0023,
    0xCD1C,0x0028,
    0xCD1E,0x0028,
    0xCD20,0x0014,
    0xCD22,0x0019,
    0xCD24,0x001E,
    0xCD26,0x0023,
    0xCD28,0x0023,
    0xB9BC,0x0100,
    0xBB96,0x0001,
    0xBB9A,0x0001,
    0xBBA6,0x0001,
    0xBBAA,0x0001,
    0xBBD6,0xFFFF,
    0xBBD8,0x0000,
    0xBBDA,0xFFFD,
    0xBBDC,0x0000,
    0xBBDE,0x0000,
    0xBBE0,0x0000,
    0xBBE2,0x0000,
    0xBBE4,0x0000,
    0xBBE6,0xFFFD,
    0xBBE8,0x0000,
    0xBBEA,0xFFFF,
    0xBBEC,0x0000,
    0xBBEE,0x0000,
    0xBBF0,0x0000,
    0xBBF2,0x0000,
    0xBBF4,0x0000,
    0xBBF6,0x0000,
    0xBBFA,0x0000,
    0xBC06,0x0000,
    0xBC0A,0x0000,
    0xBC58,0x0002,
    0xBC5A,0x0000,
    0xBC5C,0x0000,
    0xBC5E,0x0000,
    0xBC60,0x0000,
    0xBC62,0x0000,
    0xBC64,0x0000,
    0xBC66,0x0000,
    0xBC68,0x0000,
    0xBC6A,0x0000,
    0xBC6C,0x0000,
    0xBC6E,0x0000,
    0xBC70,0x0000,
    0xBC72,0x0000,
    0xBC74,0x0000,
    0xBC76,0x0000,
    0xBA44,0x0002,
    0xBA46,0x017F,
    0xBA48,0x03FF,
    0xBA4A,0x1010,
    0xBA4C,0x1000,
    0xBA4E,0x0400,
    0xBA50,0x4000,
    0xBA52,0x1000,
    0xBA54,0x0FF0,
    0xBA6E,0x017F,
    0xBA70,0x03FF,
    0xBA72,0x1020,
    0xBA74,0x1060,
    0xBA76,0x0400,
    0xBA78,0x4000,
    0xBA7A,0x1020,
    0xBA7C,0x1020,
    0xBA96,0x017F,
    0xBA98,0x03FF,
    0xBA9A,0x1030,
    0xBA9C,0x1050,
    0xBA9E,0x0400,
    0xBAA0,0x4000,
    0xBAA2,0x1020,
    0xBAA4,0x1020,
    0xBABE,0x017F,
    0xBAC0,0x03FF,
    0xBAC2,0x1010,
    0xBAC4,0x1000,
    0xBAC6,0x0400,
    0xBAC8,0x4000,
    0xBACA,0x1000,
    0xBACC,0x0FF0,
    0xBAE6,0x0000,
    0xBAE8,0x0000,
    0xBAEA,0x0000,
    0xBAEC,0x0000,
    0xBAEE,0x0000,
    0xBAF0,0x0000,
    0xBAF2,0x0000,
    0xBAF4,0x0000,
    0xBB0E,0x0000,
    0xBB10,0x0000,
    0xBB12,0x0000,
    0xBB14,0x0000,
    0xBB16,0x0000,
    0xBB18,0x0000,
    0xBB1A,0x0000,
    0xBB1C,0x0000,
    0xBB36,0x0000,
    0xBB38,0x0000,
    0xBB3A,0x0000,
    0xBB3C,0x0000,
    0xBB3E,0x0000,
    0xBB40,0x0000,
    0xBB42,0x0000,
    0xBB44,0x0000,
    0xBB5E,0x0000,
    0xBB60,0x0000,
    0xBB62,0x0000,
    0xBB64,0x0000,
    0xBB66,0x0000,
    0xBB68,0x0000,
    0xBB6A,0x0000,
    0xBB6C,0x0000,
    0xCE9A,0x0200,
    0xCEA2,0x0006,
    0xCEB0,0x0080,
    0xCEE4,0x0040,
    0xCEEC,0x0006,
    0xCEEE,0x0100,
    0xCEF8,0x03E8,
    0xCEFA,0x0080,
    0xCEFC,0x0080,
    0xCEFE,0x03E8,
    0xCF00,0x0080,
    0xCF02,0x0080,
    0xCF04,0x0100,
    0xCF08,0x0040,
    0xA8B0,0x0440,
    0xA8B6,0x0000,
    0xA8B8,0x0101,
    0xA8BE,0x0000,
    0xA8C0,0x0000,
    0xA8C2,0x0000,
    0xA8C4,0x0000,
    0xA8D6,0x0000,
    0xA8D8,0x0000,
    0xA8DA,0x0000,
    0xA8DC,0x0000,
    0xA8DE,0x0000,
    0xA8E0,0x0000,
    0xA8E2,0x0000,
    0xA8E4,0x0000,
    0xA8E6,0x0000,
    0xA8E8,0x0000,
    0xA8EA,0x0000,
    0xA8EC,0x0000,
    0xA8EE,0x0000,
    0xA8F0,0x0000,
    0xA8F2,0x0000,
    0xA8F4,0x0000,
    0xA8F6,0x0000,
    0xA8F8,0x0000,
    0xA8FA,0x0000,
    0xA8FC,0x0000,
    0xA8FE,0x0000,
    0xA900,0x0000,
    0xA902,0x0000,
    0xA904,0x0000,
    0xA906,0x0000,
    0xA908,0x0000,
    0xA90A,0x0000,
    0xA90C,0x0000,
    0xA90E,0x0000,
    0xA910,0x0000,
    0xA912,0x0000,
    0xA914,0x0000,
    0xA916,0x0000,
    0xA918,0x0000,
    0xA91A,0x0000,
    0xA91C,0x0000,
    0xA91E,0x0000,
    0xA920,0x0000,
    0xA922,0x0000,
    0xA924,0x0000,
    0xA926,0x0000,
    0xA928,0x0000,
    0xA92A,0x0000,
    0xA92C,0x0000,
    0xA92E,0x0000,
    0xA930,0x0000,
    0xA932,0x0000,
    0xA934,0x0000,
    0xA936,0x0000,
    0xA938,0x0000,
    0xA93A,0x0000,
    0xA93C,0x0000,
    0xA93E,0x0000,
    0xA940,0x0000,
    0xA942,0x0000,
    0xA944,0x0000,
    0xA946,0x0000,
    0xA948,0x0000,
    0xA94A,0x0000,
    0xA94C,0x0000,
    0xA94E,0x0000,
    0xA950,0x0000,
    0xA952,0x0000,
    0xA954,0x0000,
    0xA956,0x0000,
    0xA958,0x0000,
    0xA95A,0x0000,
    0xA95C,0x0000,
    0xA95E,0x0000,
    0xA960,0x0000,
    0xA962,0x0000,
    0xA964,0x0000,
    0xA966,0x0000,
    0xA968,0x0000,
    0xA96A,0x0000,
    0xA96C,0x0000,
    0xA96E,0x0000,
    0xA970,0x0000,
    0xA972,0x0000,
    0xA974,0x0000,
    0xA976,0x0000,
    0xAA6A,0x0000,
    0xAA6C,0x0000,
    0xAA6E,0x0000,
    0xAABE,0x0000,
    0xAAC0,0x0000,
    0xAAC2,0x0000,
    0xFCFC,0x2001,
    0xE300,0x0101,
    0xE30E,0x0100,
    0xFCFC,0x4000,
    0xF848,0x01FF,
    0xF87E,0x011B,
    0xF976,0x0618,
    0xF978,0x0500,
    0xFA3C,0x0000,
    0xFA3E,0x0000,
};
#endif
